39.99789379865,-83.03321094485,229
39.99789378755,-83.03321074609,229
39.99789379499,-83.03321052491,229
39.99789380283,-83.03321024735,229
39.9978938235,-83.03320991098,229
39.9978938413,-83.03320954259,229
39.99789383551,-83.03320917142,229
39.99789383799,-83.03320873166,229
39.99789382336,-83.03320826348,229
39.99789380112,-83.03320772727,229
39.99789379418,-83.03320716806,229
39.99789379818,-83.03320656279,229
39.99789379711,-83.03320593378,229
39.99789375807,-83.0332052449,229
39.997893741,-83.03320449685,229
39.99789375276,-83.0332037612,229
39.9978937885,-83.03320296909,229
39.99789376464,-83.03320212854,229
39.99789378414,-83.03320126288,229
39.99789381846,-83.03320037281,229
39.99789379974,-83.03319942108,229
39.99789373435,-83.03319842763,229
39.99789371751,-83.03319738863,229
39.99789370905,-83.03319634183,229
39.99789370535,-83.0331952224,229
39.99789372887,-83.03319408923,229
39.99789372642,-83.03319294119,229
39.99789372653,-83.03319174282,229
39.99789375722,-83.03319052802,229
39.99789374826,-83.03318927289,229
39.99789375444,-83.03318794054,229
39.99789375554,-83.03318660618,229
39.99789376971,-83.03318526668,229
39.99789376514,-83.0331838858,229
39.99789374688,-83.03318244947,229
39.99789372722,-83.03318099359,229
39.99789372807,-83.03317952041,229
39.9978936718,-83.03317803021,229
39.99789361059,-83.03317644491,229
39.99789358589,-83.03317483559,229
39.9978935495,-83.03317323365,229
39.99789354124,-83.03317161377,229
39.99789355691,-83.03316998017,229
39.99789354189,-83.03316837329,229
39.99789354587,-83.03316676746,229
39.99789351985,-83.0331651619,229
39.9978934848,-83.03316356529,229
39.99789346807,-83.03316200843,229
39.99789343679,-83.03316044336,229
39.99789339674,-83.03315884772,229
39.99789337971,-83.03315724166,229
39.997893366,-83.03315561981,229
39.99789336797,-83.03315397352,229
39.99789333525,-83.03315230007,229
39.99789331085,-83.03315065739,229
39.99789326264,-83.03314899364,229
39.99789322728,-83.03314729956,229
39.99789318095,-83.03314561698,229
39.99789311641,-83.03314390834,229
39.99789306974,-83.03314222307,229
39.99789302414,-83.03314052658,229
39.99789299426,-83.03313882898,229
39.99789295521,-83.03313713542,229
39.99789292792,-83.03313543833,229
39.99789289795,-83.03313370195,229
39.99789284404,-83.03313198326,229
39.99789280867,-83.03313023555,229
39.99789277687,-83.03312845794,229
39.99789270609,-83.0331266834,229
39.99789263549,-83.03312495505,229
39.99789258761,-83.0331231707,229
39.99789252677,-83.03312140399,229
39.99789247055,-83.03311963683,229
39.99789242626,-83.03311788366,229
39.99789237381,-83.03311612188,229
39.99789232836,-83.03311434302,229
39.99789224368,-83.03311255993,229
39.99789217768,-83.03311076168,229
39.99789212383,-83.03310897838,229
39.99789205823,-83.03310716106,229
39.99789200344,-83.03310535503,229
39.99789193352,-83.03310353642,229
39.99789186112,-83.03310171328,229
39.99789178846,-83.03309988192,229
39.99789171562,-83.033098035,229
39.99789164205,-83.03309617806,229
39.9978915666,-83.03309435105,229
39.99789148133,-83.0330925312,229
39.9978914259,-83.03309068826,229
39.99789133437,-83.033088816,229
39.99789124571,-83.0330869832,229
39.99789117546,-83.03308510623,229
39.99789111074,-83.03308325216,229
39.99789101787,-83.03308138928,229
39.99789091459,-83.03307951075,229
39.99789084158,-83.03307762147,229
39.99789074102,-83.0330757241,229
39.99789066066,-83.03307380864,229
39.99789057867,-83.03307192298,229
39.99789046462,-83.03307001735,229
39.99789036268,-83.0330681097,229
39.99789027382,-83.03306619725,229
39.99789020293,-83.03306427934,229
39.99789011572,-83.03306233906,229
39.9978900056,-83.03306040103,229
39.9978898877,-83.03305845044,229
39.9978897939,-83.03305649031,229
39.99788968642,-83.03305452846,229
39.99788960798,-83.03305262885,229
39.99788949954,-83.03305066641,229
39.99788939453,-83.03304870294,229
39.99788927958,-83.03304671071,229
39.99788916405,-83.03304472664,229
39.9978890687,-83.03304277879,229
39.99788897196,-83.03304081792,229
39.99788887696,-83.03303882137,229
39.99788880434,-83.03303682078,229
39.99788870296,-83.03303481465,229
39.99788855922,-83.033032806,229
39.99788844606,-83.03303080449,229
39.99788835574,-83.03302881001,229
39.9978882575,-83.03302678603,229
39.99788814199,-83.03302473669,229
39.99788801374,-83.03302269302,229
39.99788791353,-83.0330206614,229
39.99788782579,-83.03301862503,229
39.9978877243,-83.03301660221,229
39.99788762438,-83.03301454164,229
39.99788749946,-83.03301246133,229
39.99788738326,-83.03301037119,229
39.99788727177,-83.03300831278,229
39.99788717921,-83.03300626378,229
39.9978870421,-83.03300418291,229
39.99788690564,-83.03300209881,229
39.99788678911,-83.03300000197,229
39.99788668541,-83.0329979416,229
39.99788655681,-83.0329958572,229
39.99788642216,-83.03299376349,229
39.99788632628,-83.03299166385,229
39.99788623759,-83.03298955465,229
39.99788612554,-83.0329874188,229
39.99788600732,-83.03298530375,229
39.99788588804,-83.03298317623,229
39.99788577539,-83.03298105279,229
39.9978856624,-83.03297893494,229
39.99788554491,-83.03297679094,229
39.99788539934,-83.03297466345,229
39.99788529081,-83.03297252493,229
39.99788516466,-83.03297039588,229
39.99788502146,-83.03296827859,229
39.99788489979,-83.03296613916,229
39.99788480623,-83.03296400343,229
39.9978846849,-83.03296186845,229
39.99788456005,-83.03295975982,229
39.99788443518,-83.03295766423,229
39.99788430995,-83.03295554546,229
39.99788417515,-83.03295340299,229
39.99788405359,-83.0329512796,229
39.9978839204,-83.03294915217,229
39.99788379951,-83.03294702656,229
39.99788368881,-83.03294490283,229
39.99788358028,-83.03294276389,229
39.99788346137,-83.03294061844,229
39.9978833368,-83.0329384961,229
39.99788321056,-83.03293637329,229
39.99788310629,-83.03293426441,229
39.99788298751,-83.03293213442,229
39.99788286015,-83.03293000327,229
39.99788273721,-83.03292789121,229
39.99788261393,-83.03292573998,229
39.99788250189,-83.03292358358,229
39.99788239612,-83.03292144213,229
39.9978822636,-83.03291931499,229
39.99788215468,-83.03291718101,229
39.99788200193,-83.03291504014,229
39.99788190127,-83.03291287938,229
39.99788178961,-83.03291071966,229
39.99788166667,-83.03290855217,229
39.99788147621,-83.03290636281,229
39.99788127773,-83.03290418023,229
39.99788111936,-83.03290203644,229
39.9978810173,-83.03289991449,229
39.99788093702,-83.03289780467,229
39.99788085486,-83.03289569232,229
39.99788077272,-83.03289358828,229
39.99788070434,-83.03289146491,229
39.9978806681,-83.0328893265,229
39.99788063466,-83.03288720629,229
39.99788053649,-83.03288507255,229
39.99788044019,-83.03288293056,229
39.99788032235,-83.03288078084,229
39.99788020781,-83.03287863722,229
39.99788005406,-83.03287651739,229
39.99787988109,-83.03287441131,229
39.99787968578,-83.03287228445,229
39.99787954633,-83.03287015147,229
39.99787943953,-83.03286799193,229
39.99787933538,-83.03286579352,229
39.99787926503,-83.03286361363,229
39.99787919216,-83.03286142508,229
39.99787913019,-83.0328592384,229
39.9978790815,-83.03285706049,229
39.99787902707,-83.03285489283,229
39.99787895083,-83.03285274503,229
39.99787885668,-83.03285063203,229
39.99787873119,-83.03284850196,229
39.99787857883,-83.03284639192,229
39.99787844606,-83.03284427836,229
39.9978783159,-83.03284217572,229
39.99787815351,-83.03284005668,229
39.99787801089,-83.03283795484,229
39.99787788152,-83.03283586148,229
39.99787779397,-83.0328337721,229
39.99787766454,-83.03283164489,229
39.99787757082,-83.03282952382,229
39.99787749063,-83.03282744331,229
39.99787736991,-83.03282534162,229
39.99787729128,-83.03282325667,229
39.99787721602,-83.0328211732,229
39.99787709906,-83.03281911355,229
39.99787698387,-83.03281705974,229
39.99787683663,-83.03281498119,229
39.99787676228,-83.03281293139,229
39.99787666109,-83.03281087206,229
39.99787655875,-83.03280882872,229
39.99787646548,-83.03280678274,229
39.9978763589,-83.03280473697,229
39.99787625018,-83.03280270492,229
39.99787614169,-83.03280068922,229
39.99787605409,-83.03279863846,229
39.99787598897,-83.0327966367,229
39.99787584844,-83.03279461315,229
39.99787576321,-83.03279262221,229
39.99787569202,-83.03279062587,229
39.99787560478,-83.03278861104,229
39.99787551695,-83.0327866167,229
39.99787543018,-83.03278464348,229
39.99787531487,-83.03278265449,229
39.99787521988,-83.03278067828,229
39.99787509133,-83.03277870142,229
39.99787498649,-83.03277672667,229
39.99787488712,-83.03277478009,229
39.99787480303,-83.03277282192,229
39.99787473497,-83.0327708631,229
39.99787469293,-83.03276892961,229
39.99787463717,-83.03276697349,229
39.99787458194,-83.03276504418,229
39.99787451267,-83.03276311289,229
39.99787440619,-83.03276115719,229
39.99787432184,-83.03275923025,229
39.99787424969,-83.03275733019,229
39.99787414589,-83.03275542761,229
39.99787403662,-83.03275351445,229
39.99787395782,-83.03275164126,229
39.99787386838,-83.03274973811,229
39.99787375821,-83.03274783677,229
39.99787369013,-83.03274597666,229
39.99787360758,-83.03274411096,229
39.99787353108,-83.03274222426,229
39.99787348106,-83.03274036626,229
39.99787343496,-83.0327385329,229
39.99787336455,-83.03273667709,229
39.99787328908,-83.03273481163,229
39.99787318825,-83.03273296372,229
39.99787311567,-83.03273114866,229
39.99787303024,-83.03272932431,229
39.99787293916,-83.03272752905,229
39.99787287205,-83.03272571123,229
39.99787278207,-83.03272388282,229
39.99787267287,-83.03272206879,229
39.99787257761,-83.03272030711,229
39.99787252265,-83.03271852485,229
39.99787247811,-83.03271679961,229
39.99787239973,-83.0327149915,229
39.99787233119,-83.03271322513,229
39.99787225767,-83.0327114182,229
39.99787216644,-83.03270965431,229
39.99787207508,-83.0327078984,229
39.99787198297,-83.03270610976,229
39.99787192856,-83.03270436722,229
39.99787185249,-83.03270260723,229
39.99787175733,-83.03270085239,229
39.99787166251,-83.03269910874,229
39.99787161904,-83.03269736824,229
39.99787156503,-83.0326956162,229
39.9978715077,-83.03269382331,229
39.9978714236,-83.03269202807,229
39.99787132766,-83.03269023773,229
39.99787125976,-83.03268842402,229
39.9978712031,-83.03268661936,229
39.99787113302,-83.03268480377,229
39.99787104397,-83.03268296589,229
39.99787098797,-83.0326811117,229
39.99787091055,-83.03267927136,229
39.99787081542,-83.03267741871,229
39.99787071514,-83.03267557871,229
39.99787064799,-83.03267372914,229
39.99787059146,-83.03267190518,229
39.99787048391,-83.03267003696,229
39.99787040062,-83.03266816551,229
39.99787031644,-83.03266634794,229
39.99787024592,-83.03266449939,229
39.99787014315,-83.03266259956,229
39.99787007078,-83.03266074197,229
39.99786995535,-83.03265891099,229
39.9978698848,-83.03265706869,229
39.99786982426,-83.03265520999,229
39.99786974176,-83.03265339292,229
39.99786969984,-83.03265158694,229
39.99786966533,-83.03264973937,229
39.99786958697,-83.0326479058,229
39.99786951922,-83.0326460808,229
39.9978694574,-83.03264428443,229
39.99786938102,-83.03264247722,229
39.99786930439,-83.03264066229,229
39.99786919924,-83.03263887597,229
39.99786911492,-83.03263710726,229
39.99786901261,-83.03263531224,229
39.99786895105,-83.03263356153,229
39.99786886855,-83.03263180659,229
39.99786882581,-83.0326300238,229
39.99786873169,-83.0326282372,229
39.99786868014,-83.03262647905,229
39.99786866066,-83.03262470951,229
39.99786858996,-83.03262293729,229
39.99786854884,-83.03262118022,229
39.9978684802,-83.03261944484,229
39.99786841441,-83.03261768276,229
39.99786835967,-83.03261590962,229
39.99786830195,-83.03261418589,229
39.99786819505,-83.03261242577,229
39.99786811976,-83.03261076816,229
39.99786804239,-83.03260902346,229
39.99786800129,-83.03260726955,229
39.9978679298,-83.03260552142,229
39.99786788736,-83.03260379553,229
39.99786777222,-83.03260208488,229
39.99786770148,-83.03260038211,229
39.99786764668,-83.03259864052,229
39.99786761537,-83.03259695476,229
39.99786758003,-83.0325952563,229
39.99786756546,-83.03259355268,229
39.99786746183,-83.03259186048,229
39.99786741519,-83.03259016714,229
39.99786737417,-83.03258844543,229
39.9978673253,-83.03258679922,229
39.99786728924,-83.03258510996,229
39.99786722551,-83.03258342248,229
39.99786716748,-83.0325817264,229
39.99786708008,-83.03258005876,229
39.9978670592,-83.03257836965,229
39.99786704242,-83.03257670168,229
39.99786692173,-83.03257502497,229
39.99786688839,-83.03257338075,229
39.99786682101,-83.03257168129,229
39.9978667617,-83.03257002431,229
39.99786670179,-83.03256837551,229
39.99786662773,-83.03256675476,229
39.99786660629,-83.03256510459,229
39.99786649762,-83.0325634239,229
39.99786649674,-83.0325617818,229
39.9978663933,-83.03256015068,229
39.99786631038,-83.03255852339,229
39.99786627148,-83.03255686582,229
39.99786621747,-83.03255523386,229
39.99786612046,-83.03255355971,229
39.99786612777,-83.0325519096,229
39.99786610678,-83.03255025904,229
39.99786605612,-83.03254863578,229
39.9978659803,-83.03254697134,229
39.9978659097,-83.03254537211,229
39.9978660188,-83.03254374059,229
39.99786596074,-83.03254208307,229
39.99786587538,-83.03254042323,229
39.99786584334,-83.03253879914,229
39.99786576945,-83.03253717464,229
39.99786571484,-83.03253551722,229
39.99786564401,-83.03253391172,229
39.99786559496,-83.03253229454,229
39.99786560923,-83.03253063381,229
39.99786559803,-83.03252903968,229
39.9978654768,-83.03252735519,229
39.99786542235,-83.03252574669,229
39.99786537557,-83.03252405051,229
39.99786536194,-83.03252242455,229
39.99786529826,-83.03252079021,229
39.99786526081,-83.03251915838,229
39.99786526222,-83.03251744395,229
39.99786517576,-83.0325157913,229
39.99786508588,-83.03251414496,229
39.99786501713,-83.03251247978,229
39.99786489854,-83.03251082926,229
39.9978649141,-83.03250913096,229
39.99786491895,-83.03250747562,229
39.99786479104,-83.0325057386,229
39.99786473035,-83.03250405927,229
39.99786467772,-83.03250238312,229
39.99786458666,-83.03250070657,229
39.99786448607,-83.03249900427,229
39.99786441582,-83.03249731069,229
39.99786440195,-83.03249559434,229
39.99786436312,-83.03249389883,229
39.99786428183,-83.03249217324,229
39.99786423415,-83.03249049864,229
39.99786413914,-83.03248877792,229
39.99786406423,-83.0324870838,229
39.99786402202,-83.0324853154,229
39.99786399139,-83.03248356815,229
39.99786396862,-83.03248188023,229
39.99786396197,-83.03248004537,229
39.99786391219,-83.03247831978,229
39.99786383578,-83.03247655377,229
39.99786377534,-83.0324748016,229
39.99786375789,-83.03247302824,229
39.99786368246,-83.03247129104,229
39.99786362294,-83.03246955789,229
39.99786356613,-83.03246779415,229
39.99786353629,-83.03246600728,229
39.99786345396,-83.03246421694,229
39.99786335488,-83.03246245454,229
39.99786325789,-83.0324606795,229
39.99786312423,-83.03245889127,229
39.99786301088,-83.03245711077,229
39.99786296636,-83.03245535268,229
39.99786288419,-83.03245352078,229
39.99786284921,-83.03245171645,229
39.99786284531,-83.03244992183,229
39.99786277299,-83.03244817456,229
39.99786269979,-83.03244638534,229
39.99786266528,-83.03244462891,229
39.99786262529,-83.03244287648,229
39.99786256642,-83.03244111819,229
39.99786248383,-83.03243931218,229
39.99786239455,-83.03243753408,229
39.99786234163,-83.03243581956,229
39.99786227846,-83.03243406167,229
39.99786220291,-83.032432308,229
39.99786209793,-83.03243055742,229
39.99786198212,-83.03242879255,229
39.99786187931,-83.03242702113,229
39.99786179007,-83.03242527402,229
39.99786170949,-83.03242352381,229
39.99786164491,-83.03242179845,229
39.9978615635,-83.03242002874,229
39.99786152859,-83.0324183295,229
39.99786148595,-83.03241656584,229
39.99786143021,-83.03241477523,229
39.99786133636,-83.03241299962,229
39.99786124528,-83.03241124648,229
39.99786120129,-83.03240951301,229
39.99786114279,-83.03240781864,229
39.99786107321,-83.0324060965,229
39.99786098214,-83.03240441311,229
39.99786090773,-83.03240276756,229
39.9978608376,-83.03240114853,229
39.99786078654,-83.0323995195,229
39.99786070099,-83.03239790511,229
39.9978606178,-83.03239635437,229
39.99786055976,-83.03239482114,229
39.99786048359,-83.03239328855,229
39.99786041887,-83.03239177317,229
39.99786039912,-83.03239025209,229
39.99786035188,-83.03238874637,229
39.99786030391,-83.03238728968,229
39.99786022207,-83.03238586402,229
39.99786016867,-83.03238444879,229
39.99786013118,-83.03238302143,229
39.99786007623,-83.03238160496,229
39.99786002995,-83.03238026881,229
39.99785997476,-83.03237895926,229
39.99785992551,-83.03237769347,229
39.99785987217,-83.03237633529,229
39.99785984418,-83.0323750689,229
39.99785977737,-83.03237381197,229
39.99785971613,-83.03237258844,229
39.99785966273,-83.03237143335,229
39.99785959353,-83.03237030937,229
39.99785953575,-83.03236919428,229
39.99785949605,-83.03236811929,229
39.99785945277,-83.03236705772,229
39.99785942059,-83.03236601815,229
39.99785936358,-83.03236503017,229
39.99785931689,-83.03236410077,229
39.99785929589,-83.03236321653,229
39.99785927939,-83.03236235607,229
39.99785926349,-83.03236150511,229
39.99785923762,-83.0323607023,229
39.99785920072,-83.03235993302,229
39.99785919239,-83.03235922228,229
39.99785915665,-83.03235853592,229
39.99785916158,-83.03235786539,229
39.99785912428,-83.03235726744,229
39.99785909578,-83.03235662908,229
39.99785907842,-83.03235604751,229
39.99785906001,-83.03235546027,229
39.99785904553,-83.03235490461,229
39.99785901937,-83.0323543518,229
39.99785900582,-83.0323538219,229
39.99785898524,-83.03235330629,229
