39.99789808073,-83.03309860785,229,0.099407897070605,0.0007,0.010900000110269,0.25910515,0.042894669,91.660163043,3523370785
39.99789808021,-83.03309854268,229,0.128101561270735,0.0008,0.010900000110269,0.257915096,0.046581305,91.660650004,3523373518
39.99789807944,-83.03309845859,229,0.162207398105019,0.0005,0.010900000110269,0.257784654,0.050808153,91.661137275,3523376512
39.99789807768,-83.03309835336,229,0.200662303385564,-0.0035,0.010900000110269,0.252194802,0.088059809,91.669770624,3523414207
39.99789807518,-83.03309822385,229,0.243822332857349,-0.0068,0.010900000110269,0.25005397,0.104865675,91.675511044,3523528861
39.99789807109,-83.03309806852,229,0.291423489101342,-0.0088,0.011900000274181,0.24937735,0.11639618,91.678474386,3523549920
39.99789806532,-83.03309788386,229,0.344134886345456,-0.0115,0.011900000274181,0.251005389,0.135417259,91.681634112,3523586403
39.99789805851,-83.03309766635,229,0.403459006591748,-0.0137,0.011900000274181,0.254574672,0.158279645,91.685027749,3523632754
39.99789805096,-83.03309741243,229,0.468273563208516,-0.0151,0.011900000274181,0.257856648,0.182418485,91.689671239,3523681270
39.99789804334,-83.03309711999,229,0.535630329611758,-0.0149,0.011900000274181,0.260297072,0.202768608,91.69678474,3523719802
39.99789803573,-83.03309678747,229,0.60470139738552,-0.0158,0.011900000274181,0.260111273,0.214388093,91.706381548,3523766039
39.99789802769,-83.03309641397,229,0.674805401578855,-0.0174,0.011900000274181,0.259372304,0.217269408,91.715938099,3523813544
39.9978980186,-83.03309599975,229,0.744816118246645,-0.0197,0.011900000274181,0.25766161,0.21588084,91.722765115,3523869266
39.99789800789,-83.03309554453,229,0.814620647909197,-0.0218,0.011900000274181,0.255708984,0.211011439,91.724990298,3523913675
39.99789799614,-83.03309504934,229,0.882004444433247,-0.0252,0.011900000274181,0.251350201,0.206500885,91.724241608,3523972408
39.99789798192,-83.03309451438,229,0.9507,-0.0319,0.011900000274181,0.25466174,0.204344731,91.723095613,3524030362
39.99789796691,-83.03309393941,229,1.02,-0.0322,0.011900000274181,0.260072846,0.200310321,91.725641078,3524066818
39.99789794993,-83.0330933223,229,1.09250165217266,-0.0399,0.011900000274181,0.266898098,0.188092083,91.729414613,3524113534
39.99789792945,-83.03309266329,229,1.16400290377645,-0.0467,0.011900000274181,0.283420053,0.16749719,91.731741788,3524163752
39.99789790615,-83.03309196267,229,1.23460131216519,-0.0485,0.011900000274181,0.305325788,0.144712858,91.729673235,3524229384
39.99789788194,-83.03309122108,229,1.30340046417055,-0.05,0.011900000274181,0.322918747,0.121013808,91.725819293,3524266002
39.99789785736,-83.03309044024,229,1.37060082080816,-0.0508,0.011900000274181,0.342786022,0.102177103,91.725581383,3524313642
39.99789783404,-83.03308961982,229,1.43850528674732,-0.0476,0.011900000274181,0.356841119,0.085968513,91.729876108,3524363740
39.99789781229,-83.0330887592,229,1.50640383695741,-0.0462,0.011900000274181,0.363669617,0.069238121,91.736346671,3524420932
39.99789779158,-83.03308785878,229,1.57440508129261,-0.0436,0.011900000274181,0.359882975,0.050910381,91.740586021,3524533588
39.99789777078,-83.03308691922,229,1.64250791778914,-0.0425,0.012299999594689,0.349010581,0.04061045,91.739545794,3524562867
39.99789774808,-83.03308593868,229,1.71171514277347,-0.0474,0.012299999594689,0.33562477,0.026303631,91.734018711,3524590078
39.99789772051,-83.03308491797,229,1.78182586130071,-0.0604,0.012299999594689,0.342020735,0.012337667,91.727553364,3524646524
39.99789768859,-83.0330838569,229,1.84992923378166,-0.067,0.012299999594689,0.363941918,-0.01048165,91.724280003,3524685523
39.99789765576,-83.0330827563,229,1.91622208525004,-0.0688,0.012299999594689,0.378571763,-0.037543713,91.725671458,3524716973
39.99789762191,-83.03308161858,229,1.97843885930296,-0.0718,0.012299999594689,0.383783891,-0.057002946,91.729019418,3524766359
39.9978975889,-83.03308044465,229,2.0400651190587,-0.0669,0.012299999594689,0.38078016,-0.062506321,91.732564983,3524824065
39.99789755563,-83.03307923224,229,2.10750264531269,-0.0704,0.012299999594689,0.378325241,-0.061773309,91.731529339,3524866793
39.99789751768,-83.03307797831,229,2.1811376045541,-0.0825,0.012299999594689,0.398382518,-0.07339007,91.727296099,3524913390
39.99789747792,-83.03307668231,229,2.25203002866303,-0.0793,0.012299999594689,0.427231625,-0.099117261,91.723163484,3524971786
39.99789744136,-83.03307534763,229,2.31424270550865,-0.074,0.012299999594689,0.431611735,-0.123477844,91.72432147,3525014027
39.997897406,-83.03307397925,229,2.3683460325721,-0.0781,0.012299999594689,0.425595733,-0.131910512,91.729129567,3525067851
39.99789736796,-83.03307257669,229,2.43118144530596,-0.0851,0.012299999594689,0.428273211,-0.124775517,91.734748152,3525113267
39.99789732693,-83.03307113386,229,2.50474313653117,-0.091,0.012299999594689,0.453030805,-0.128461116,91.740155751,3525166420
39.99789728504,-83.03306964823,229,2.57651369295799,-0.0887,0.012299999594689,0.474107875,-0.162165451,91.743571337,3525229404
39.99789724303,-83.03306812293,229,2.64010231998686,-0.0909,0.012299999594689,0.47637065,-0.208893587,91.741058959,3525270224
39.99789719811,-83.03306656253,229,2.69820759023467,-0.098,0.012299999594689,0.486749943,-0.243786879,91.735950411,3525314385
39.99789715101,-83.03306496905,229,2.75472973810499,-0.1008,0.012299999594689,0.509378489,-0.26176764,91.731179538,3525362556
39.99789710316,-83.03306334085,229,2.81625625254521,-0.1001,0.012299999594689,0.530990411,-0.275305118,91.726625183,3525413002
39.99789705674,-83.03306167463,229,2.88225746247624,-0.0987,0.012299999594689,0.536104469,-0.302699119,91.722409072,3525522635
39.99789700698,-83.03305997267,229,2.94462748238211,-0.1093,0.012500000186265,0.548831567,-0.324832287,91.719475197,3525544014
39.99789695265,-83.03305823834,229,2.99494362718232,-0.1078,0.012500000186265,0.577474247,-0.333292269,91.720447019,3525579232
39.99789689981,-83.03305647397,229,3.04584436404751,-0.1045,0.012500000186265,0.589923722,-0.312914537,91.722832337,3525622562
39.99789684473,-83.03305467683,229,3.10567250366165,-0.1156,0.012500000186265,0.60561761,-0.278519155,91.726718848,3525693056
39.99789678544,-83.03305284351,229,3.16933818012531,-0.1222,0.012500000186265,0.642935721,-0.245166807,91.731253127,3525719579
39.99789672995,-83.0330509743,229,3.23010106653027,-0.1079,0.012500000186265,0.652530399,-0.213093511,91.736432494,3525762869
39.99789668334,-83.03304906992,229,3.28692198416695,-0.0865,0.012500000186265,0.624045786,-0.182087446,91.746427036,3525813817
39.99789664224,-83.03304712713,229,3.35915433405493,-0.085,0.012500000186265,0.56558465,-0.155174676,91.754787585,3525867134
39.9978965905,-83.03304513843,229,3.43968113929184,-0.1179,0.012500000186265,0.565135931,-0.171946214,91.750440292,3525913406
39.99789652794,-83.03304310966,229,3.50211939402414,-0.1296,0.012500000186265,0.620885786,-0.209535527,91.742727479,3525971273
39.9978964654,-83.03304104769,229,3.55403190756639,-0.1268,0.012500000186265,0.652544249,-0.240790784,91.738593223,3526018616
39.99789639801,-83.03303895641,229,3.60470150359222,-0.145,0.012500000186265,0.674120133,-0.243290898,91.739075241,3526067301
39.99789632625,-83.03303683214,229,3.66398045846317,-0.1533,0.012500000186265,0.715776387,-0.239105089,91.744075806,3526117462
39.99789625257,-83.03303467239,229,3.72858672019305,-0.1507,0.012500000186265,0.760899131,-0.238195181,91.748022387,3526164165
39.99789618955,-83.03303247297,229,3.79382918039281,-0.1173,0.012500000186265,0.747640069,-0.26106039,91.748412226,3526222980
39.997896135,-83.0330302393,229,3.84613592713518,-0.1106,0.012500000186265,0.699668243,-0.282140468,91.748026843,3526268056
39.99789607815,-83.03302797723,229,3.89363928092986,-0.1206,0.012500000186265,0.682852707,-0.2760351,91.750276408,3526312418
39.99789601894,-83.03302568525,229,3.94922545570647,-0.1272,0.012500000186265,0.689882993,-0.25535959,91.757250007,3526363275
39.9978959543,-83.03302335803,229,4.01143586387717,-0.1423,0.012500000186265,0.710545552,-0.245535052,91.762130905,3526423302
39.99789588895,-83.03302099197,229,4.07937721962556,-0.135,0.012500000186265,0.711117287,-0.271546122,91.767749906,3526536793
39.99789582065,-83.0330185918,229,4.13871827743808,-0.1539,0.012299999594689,0.69908662,-0.305642311,91.764743694,3526575772
39.99789574315,-83.03301615736,229,4.20121919566214,-0.172,0.012299999594689,0.738090124,-0.352313399,91.766259585,3526610921
39.9978956592,-83.0330136925,229,4.24670670755587,-0.183,0.012299999594689,0.820871631,-0.392411047,91.773851248,3526667770
39.9978955741,-83.03301120012,229,4.29297445252124,-0.1736,0.012299999594689,0.885398007,-0.405126824,91.777942568,3526692636
39.99789549727,-83.03300868006,229,4.33959567356223,-0.1586,0.012299999594689,0.886218349,-0.391406775,91.78051476,3526718831
39.99789541616,-83.03300612917,229,4.3965336027375,-0.1797,0.012299999594689,0.891981816,-0.369335435,91.781943659,3526762386
39.99789533226,-83.03300355055,229,4.43706428396074,-0.1766,0.012299999594689,0.941985771,-0.371372028,91.793922354,3526823263
39.99789525595,-83.0330009501,229,4.47313671823252,-0.1569,0.012299999594689,0.978879337,-0.355610712,91.817813845,3526865509
39.99789518472,-83.03299831893,229,4.5336303731116,-0.1467,0.012299999594689,0.989247981,-0.364117362,91.841108679,3526912255
39.9978951181,-83.03299565507,229,4.58133700681362,-0.1385,0.012299999594689,0.944636021,-0.420321098,91.842649196,3526975557
39.9978950473,-83.03299296833,229,4.61557944899663,-0.157,0.012299999594689,0.915927721,-0.467518014,91.83210718,3527013925
39.99789497196,-83.03299026022,229,4.65424786834565,-0.1589,0.012299999594689,0.912052253,-0.505613142,91.822707273,3527066750
39.99789489724,-83.03298753346,229,4.68679284159221,-0.163,0.012299999594689,0.89966626,-0.535540465,91.824865821,3527113522
39.9978948172,-83.03298478471,229,4.72546259428641,-0.1787,0.012299999594689,0.902275271,-0.559090109,91.832973811,3527163241
39.99789473234,-83.03298201107,229,4.77016205280282,-0.1858,0.012299999594689,0.919485553,-0.584497751,91.842020992,3527226701
39.99789464436,-83.03297921338,229,4.80764987181887,-0.1925,0.012299999594689,0.942166842,-0.622529464,91.852352659,3527266410
39.99789455676,-83.03297639455,229,4.8447970906943,-0.1847,0.012299999594689,0.962689498,-0.651378813,91.862503242,3527312317
39.99789446916,-83.03297355237,229,4.88396842025007,-0.193,0.012299999594689,0.975632059,-0.673803078,91.861525417,3527362792
39.99789437553,-83.03297069005,229,4.917169710311,-0.2044,0.012299999594689,1.02102901,-0.691050846,91.854049473,3527417411
39.9978942757,-83.03296781649,229,4.92984080067501,-0.2171,0.012299999594689,1.108624282,-0.654970163,91.849145939,3527525836
39.99789418073,-83.03296493156,229,4.95522767388139,-0.1941,0.012000000104308,1.150289695,-0.595750406,91.857085101,3527562413
39.99789409226,-83.03296202147,229,4.9995763220497,-0.1823,0.012000000104308,1.138454713,-0.524964127,91.873486044,3527589103
39.99789400439,-83.032959082,229,5.05230455534897,-0.1891,0.012000000104308,1.119796795,-0.483148924,91.890105548,3527651247
39.99789391059,-83.0329561143,229,5.09937389294019,-0.2052,0.012000000104308,1.141624707,-0.474089025,91.905501699,3527686349
39.99789381303,-83.03295312136,229,5.13801861129366,-0.2071,0.012000000104308,1.183664505,-0.479746293,91.917250235,3527715893
39.99789371775,-83.03295010885,229,5.17088868667659,-0.1961,0.012000000104308,1.20374185,-0.473194431,91.927582922,3527766294
39.99789362469,-83.03294707407,229,5.20783195677433,-0.194,0.012000000104308,1.201830211,-0.46775352,91.932982612,3527818806
39.99789353345,-83.03294402159,229,5.23540600526836,-0.1909,0.012000000104308,1.188173891,-0.449140261,91.938610216,3527866006
39.99789344262,-83.03294095133,229,5.26784681819811,-0.1942,0.012000000104308,1.186292722,-0.417444096,91.954095054,3527914508
39.99789334816,-83.03293786088,229,5.30602595263159,-0.2112,0.012000000104308,1.192038385,-0.391417221,91.973050174,3527971213
39.9978932506,-83.03293474527,229,5.34591774347492,-0.2072,0.012000000104308,1.202421245,-0.396734081,91.989758705,3528018097
39.9978931516,-83.03293161241,229,5.37013968160978,-0.2167,0.012000000104308,1.19594335,-0.416640517,92.002104411,3528066030
39.9978930459,-83.03292846567,229,5.39411183050556,-0.235,0.012000000104308,1.230956221,-0.446238478,92.019601262,3528112964
39.99789292985,-83.03292530627,229,5.41578746721102,-0.2583,0.012000000104308,1.30899686,-0.501858932,92.035629136,3528162382
39.99789280619,-83.03292213579,229,5.43370849144486,-0.2633,0.012000000104308,1.411493921,-0.587093449,92.048262233,3528221840
39.99789268573,-83.03291895427,229,5.44890966432735,-0.2541,0.012000000104308,1.473009889,-0.712130143,92.059135494,3528268198
39.9978925681,-83.03291577224,229,5.4400770261091,-0.249,0.012000000104308,1.505874058,-0.846145268,92.078352709,3528314134
39.99789245248,-83.03291259877,229,5.41406655758867,-0.2478,0.012000000104308,1.53513303,-0.951852381,92.107622346,3528363617
39.99789234362,-83.03290944644,229,5.37318644567635,-0.2269,0.012000000104308,1.564590791,-0.979773969,92.142116109,3528420145
39.99789224869,-83.03290631641,229,5.3395667586425,-0.2082,0.012000000104308,1.51952124,-0.904571682,92.179227951,3528532302
39.99789215195,-83.03290319841,229,5.3249303788876,-0.2056,0.011599999852479,1.499956598,-0.829389395,92.19533909,3528553446
39.99789206513,-83.03290009135,229,5.30060113006063,-0.1798,0.011599999852479,1.437258001,-0.711264036,92.216334012,3528582238
39.99789198572,-83.03289699092,229,5.29695133543815,-0.1759,0.011599999852479,1.31904939,-0.564659253,92.231886802,3528623788
39.99789190124,-83.03289388937,229,5.3050162535095,-0.1889,0.011599999852479,1.223041269,-0.440740263,92.247498203,3528677028
39.99789181334,-83.0328907878,229,5.30190461060929,-0.2001,0.011599999852479,1.146862338,-0.328658081,92.27084642,3528714178
39.99789171715,-83.03288769022,229,5.28805744484683,-0.2209,0.011599999852479,1.100951288,-0.219618641,92.299279229,3528762558
39.99789160997,-83.03288460334,229,5.27349585948449,-0.2428,0.011599999852479,1.094681741,-0.06939074,92.324675305,3528822690
39.99789148871,-83.03288152139,229,5.27656925283844,-0.2733,0.011599999852479,1.140296241,0.093621856,92.340135875,3528867213
39.99789136288,-83.03287843367,229,5.28841181168789,-0.2745,0.011599999852479,1.199599416,0.204164667,92.35800781,3528915817
39.99789124244,-83.03287533339,229,5.31116449001535,-0.2591,0.011599999852479,1.23316212,0.239270793,92.384435798,3528969530
39.99789111762,-83.03287222753,229,5.31812258790638,-0.2661,0.011599999852479,1.275718195,0.237866321,92.405824425,3529013433
39.9978910054,-83.03286911057,229,5.33852396266983,-0.2279,0.011599999852479,1.257920787,0.165405205,92.428173776,3529067586
39.99789090539,-83.03286599326,229,5.32606265453196,-0.2132,0.011599999852479,1.189674671,0.062777887,92.462926004,3529112973
39.9978908166,-83.03286288891,229,5.29610274258346,-0.1832,0.011599999852479,1.092905656,-0.006043525,92.504824393,3529162797
39.99789073323,-83.03285979726,229,5.27770181992124,-0.1906,0.011599999852479,0.970605443,-0.039211064,92.536382283,3529231087
39.99789063945,-83.03285671708,229,5.25641232210716,-0.2137,0.011599999852479,0.910863082,-0.048484148,92.558389843,3529266481
39.99789054067,-83.03285364492,229,5.25035237293651,-0.2169,0.011599999852479,0.863451062,-0.043887079,92.569838204,3529312748
39.99789043289,-83.0328505769,229,5.24172660294297,-0.2453,0.011599999852479,0.824726161,-0.047913827,92.567861401,3529367338
39.99789031466,-83.03284751835,229,5.22250001531833,-0.2621,0.011599999852479,0.826613044,-0.043562478,92.558801208,3529413355
39.99789018248,-83.0328444703,229,5.20793501207532,-0.2983,0.011599999852479,0.903638584,0.004494551,92.535399719,3529521815
39.99789004398,-83.0328414333,229,5.19386131601528,-0.2923,0.011300000362098,0.982157504,0.044184794,92.512021479,3529550518
39.99788990981,-83.03283840345,229,5.18226969772898,-0.274,0.011300000362098,1.047333017,0.110165167,92.471383713,3529586353
39.99788978033,-83.03283537997,229,5.17209671216616,-0.2643,0.011300000362098,1.105828867,0.181365355,92.420358271,3529731155
39.99788966309,-83.03283236308,229,5.15888781134074,-0.2207,0.011300000362098,1.135334081,0.255897059,92.363496853,3529769536
39.99788956488,-83.03282934982,229,5.15500205237593,-0.1888,0.011300000362098,1.093440171,0.31979491,92.301929964,3529793523
39.99788947242,-83.03282633541,229,5.15950681751657,-0.1794,0.011300000362098,1.046301809,0.358991677,92.228433548,3529838376
39.99788938725,-83.0328233159,229,5.16951751133508,-0.1651,0.011300000362098,0.981968608,0.352054395,92.145561813,3529869375
39.99788930903,-83.03282029559,229,5.1671177052589,-0.1533,0.011300000362098,0.910075208,0.323861216,92.061337569,3529903567
39.99788922969,-83.03281728036,229,5.15168890559203,-0.1642,0.011300000362098,0.854005429,0.285291822,91.972549977,3529929396
39.99788914505,-83.03281427903,229,5.12030573501232,-0.1734,0.011300000362098,0.843591881,0.272027581,91.88080979,3529970664
39.99788905575,-83.03281129493,229,5.0909808976267,-0.1767,0.011300000362098,0.866249645,0.309002291,91.782934989,3530018637
39.99788896418,-83.03280832152,229,5.07941513562339,-0.1829,0.011300000362098,0.901025847,0.371209096,91.67964019,3530066730
39.99788887173,-83.03280535604,229,5.06970002465629,-0.1772,0.011300000362098,0.956627396,0.439042938,91.571970891,3530112948
39.9978887892,-83.0328023968,229,5.05711330405005,-0.1495,0.011300000362098,0.978179442,0.494815539,91.460873124,3530162506
39.99788872353,-83.0327994432,229,5.04816798947896,-0.1068,0.011300000362098,0.939917261,0.541130784,91.34888481,3530222506
39.99788867031,-83.03279649157,229,5.044629169721,-0.0877,0.011300000362098,0.889022901,0.573118401,91.233758653,3530266547
39.99788862398,-83.03279354342,229,5.03888092536428,-0.0753,0.011300000362098,0.857553407,0.590022738,91.1189279,3530314714
39.99788858572,-83.03279060452,229,5.01643639748378,-0.0535,0.011300000362098,0.81196856,0.602641021,91.005553116,3530366170
39.99788855237,-83.03278767495,229,5.00446809161573,-0.0515,0.011300000362098,0.759586478,0.630810426,90.890537222,3530421483
39.99788851968,-83.03278474621,229,5.01073337945654,-0.0484,0.011300000362098,0.71555104,0.635067783,90.752259056,3530525400
39.99788848728,-83.0327818168,229,5.00803240604531,-0.0572,0.011199999600649,0.701357826,0.608595739,90.658858201,3530548011
39.99788845604,-83.0327788907,229,4.99776984263982,-0.0524,0.011199999600649,0.688201689,0.559788178,90.545686855,3530577517
39.99788842038,-83.0327759714,229,4.98488389032282,-0.0684,0.011199999600649,0.700790077,0.513821861,90.4337599,3530627560
39.99788838447,-83.03277306122,229,4.96913183664913,-0.0555,0.011199999600649,0.74555459,0.477356306,90.33157946,3530675329
39.9978883543,-83.03277016242,229,4.94657227785059,-0.0455,0.011199999600649,0.780556743,0.445364146,90.246792338,3530721767
39.99788833385,-83.03276727497,229,4.93062602313337,-0.0253,0.011199999600649,0.798165963,0.427496898,90.184927407,3530768591
39.99788832455,-83.03276439687,229,4.91439999287807,0.001,0.011199999600649,0.782267714,0.40740373,90.143476847,3530823285
39.99788832465,-83.03276152607,229,4.90368316472425,0.009,0.011199999600649,0.720610184,0.383411181,90.108408847,3530866143
39.99788832347,-83.03275865731,229,4.90391373700639,-0.0046,0.011199999600649,0.683815408,0.341916882,90.076448041,3530912780
39.99788831242,-83.03275579127,229,4.89447411679743,-0.0251,0.011199999600649,0.701350617,0.281522611,90.040757411,3530971265
39.99788829875,-83.03275293853,229,4.86041339085473,-0.026,0.011199999600649,0.720375964,0.245198789,90.004287511,3531013841
39.99788828979,-83.03275009641,229,4.85445834259601,-0.0131,0.011199999600649,0.708499906,0.245046589,89.967861315,3531065554
39.99788828047,-83.03274726477,229,4.83493130974991,-0.0277,0.011199999600649,0.691908736,0.246089729,89.935109913,3531113238
39.99788826127,-83.0327444437,229,4.81440412200721,-0.0487,0.011199999600649,0.752823736,0.262791085,89.912219624,3531162554
39.99788824046,-83.03274162815,229,4.80980113206357,-0.0383,0.011199999600649,0.834584133,0.280345597,89.894712244,3531221443
39.99788822089,-83.03273881319,229,4.81380750446048,-0.0377,0.011199999600649,0.895187418,0.279826852,89.881064031,3531266316
39.99788820261,-83.03273599257,229,4.82462821469178,-0.0377,0.011199999600649,0.935580132,0.224946735,89.871162776,3531312317
39.99788818663,-83.03273317192,229,4.81718079585975,-0.0217,0.011199999600649,0.966763938,0.14401326,89.867485441,3531362808
39.99788817788,-83.03273035985,229,4.79816723030784,-0.0177,0.011199999600649,0.972144973,0.074527565,89.871429659,3531412873
39.9978881665,-83.03272756209,229,4.77241716533666,-0.0286,0.011199999600649,1.013495636,0.043527793,89.874348827,3531522371
39.99788815265,-83.03272477859,229,4.74440136582056,-0.0292,0.011199999600649,1.056596433,0.049837946,89.868567978,3531542296
39.99788813925,-83.03272200833,229,4.72401327686534,-0.0197,0.011199999600649,1.099080704,0.088412832,89.855878894,3531578248
39.99788813707,-83.03271924514,229,4.71275612460479,0.014,0.011199999600649,1.083018443,0.127147073,89.837150311,3531626295
39.99788814253,-83.03271648547,229,4.71259296035633,0.018,0.011199999600649,1.040166605,0.160953781,89.80701004,3531670505
39.99788814416,-83.03271372219,229,4.72501946768476,0.0109,0.011199999600649,1.024935964,0.158467263,89.762587305,3531722426
39.99788814933,-83.03271095796,229,4.72274259832145,0.0237,0.011199999600649,0.997777183,0.124695803,89.71274238,3531767431
39.99788816116,-83.03270820147,229,4.70451364648887,0.0417,0.011199999600649,0.941883639,0.096438866,89.673296238,3531813777
39.99788818421,-83.03270545357,229,4.69281800627299,0.0558,0.011199999600649,0.835400354,0.091687733,89.656460278,3531866158
39.99788820531,-83.03270271511,229,4.67590905065528,0.0364,0.011199999600649,0.75074756,0.09554053,89.663014804,3531915385
39.9978882226,-83.0326999894,229,4.64945157733684,0.0262,0.011199999600649,0.708636492,0.118876095,89.687935244,3531970840
39.9978882326,-83.03269727394,229,4.63458397917224,0.0185,0.011199999600649,0.696156497,0.169953842,89.711355844,3532021180
39.99788823795,-83.03269456178,229,4.63253046293276,0.0043,0.011199999600649,0.678497248,0.213331748,89.723999525,3532066984
39.99788822897,-83.03269184422,229,4.65100038808857,-0.0286,0.011199999600649,0.70442026,0.227266375,89.718629633,3532112513
39.99788822063,-83.03268912431,229,4.64768017940133,-0.0092,0.011199999600649,0.727491065,0.187498234,89.713222289,3532164422
39.99788821866,-83.03268640351,229,4.64995182770747,0.0066,0.011199999600649,0.707964844,0.123316779,89.714072174,3532220950
39.99788822023,-83.03268368375,229,4.6466845008027,0.0074,0.011199999600649,0.679524413,0.040303958,89.722030779,3532265694
39.99788822646,-83.03268096926,229,4.63225317205353,0.0174,0.011199999600649,0.647306571,-0.038328695,89.739735226,3532312102
39.99788823255,-83.03267827019,229,4.5967855344795,0.0079,0.011199999600649,0.621652783,-0.089841671,89.758594894,3532362790
39.99788823792,-83.03267558935,229,4.56956146035919,0.0122,0.011199999600649,0.610435405,-0.078124006,89.786326684,3532430074
39.99788824504,-83.03267291945,229,4.5574044937881,0.0129,0.011199999600649,0.579796348,-0.037459464,89.824847125,3532536044
39.99788825045,-83.03267025269,229,4.55050297110111,0.0001,0.011400000192225,0.550074396,-0.020432849,89.845578678,3532562306
39.99788825006,-83.03266758926,229,4.5483135446009,-0.0114,0.011400000192225,0.53836606,0.000594534,89.871415081,3532587469
39.99788824822,-83.0326649339,229,4.52431265276837,-0.0125,0.011400000192225,0.524720221,0.016645699,89.900470903,3532622314
39.99788824048,-83.03266228937,229,4.51502425685621,-0.021,0.011400000192225,0.539468999,0.068593589,89.925951883,3532677912
39.9978882299,-83.0326596472,229,4.51262907848629,-0.0283,0.011400000192225,0.542456187,0.108497334,89.948984493,3532719840
39.99788821832,-83.03265700064,229,4.52310135415956,-0.0268,0.011400000192225,0.555259472,0.111322922,89.976544252,3532766434
39.99788821102,-83.03265436335,229,4.49760081043216,-0.0138,0.011400000192225,0.549649492,0.120101491,90.00837355,3532824011
39.99788820132,-83.03265173821,229,4.4751014480121,-0.0315,0.011400000192225,0.549290581,0.160041587,90.039314165,3532866519
39.9978881873,-83.03264912807,229,4.44410070317944,-0.0357,0.011400000192225,0.577585397,0.227508619,90.063111719,3532918813
39.99788817473,-83.03264652396,229,4.45034316092591,-0.0329,0.011400000192225,0.588495998,0.311558404,90.080851088,3532971895
39.99788816074,-83.03264391928,229,4.45172680203986,-0.0369,0.011400000192225,0.581866002,0.349795161,90.09557321,3533020893
39.99788814319,-83.03264131493,229,4.44763226222672,-0.0394,0.011400000192225,0.592460426,0.367373519,90.11212815,3533066598
39.99788812642,-83.03263871297,229,4.44442852681872,-0.0392,0.011400000192225,0.60634103,0.369543487,90.136853894,3533113399
39.99788810766,-83.03263611326,229,4.44032775592073,-0.0471,0.011400000192225,0.618938962,0.359963449,90.164066919,3533162385
39.99788808207,-83.03263351258,229,4.44425056449341,-0.0703,0.011400000192225,0.660043513,0.323595788,90.191799991,3533223011
39.99788805318,-83.03263091354,229,4.43610490971528,-0.0643,0.011400000192225,0.713408373,0.273839691,90.222963954,3533266057
39.99788803083,-83.03262832235,229,4.42140342086085,-0.0507,0.011400000192225,0.7245773,0.2393284,90.247061997,3533313421
39.99788800647,-83.03262574305,229,4.39510639916715,-0.0599,0.011400000192225,0.729857559,0.227909732,90.258901245,3533363328
39.99788798209,-83.0326231742,229,4.38680041146164,-0.0496,0.011400000192225,0.760057295,0.249420946,90.274536844,3533414628
39.99788796647,-83.03262060785,229,4.38271257784491,-0.0375,0.011400000192225,0.740680829,0.244905989,90.297970755,3533531153
39.99788794886,-83.03261804242,229,4.38463816637131,-0.042,0.011800000444055,0.729626701,0.21525611,90.315905197,3533560234
39.99788792841,-83.03261548348,229,4.37041187990331,-0.0502,0.011800000444055,0.723367971,0.160578323,90.336918549,3533584997
39.99788790356,-83.03261293308,229,4.3614223666139,-0.0601,0.011800000444055,0.735805687,0.126012533,90.360831749,3533620705
39.99788787544,-83.03261038439,229,4.35751204702867,-0.0663,0.011800000444055,0.750433204,0.070461178,90.388846874,3533677304
39.99788784139,-83.03260784307,229,4.34160773101394,-0.0856,0.011800000444055,0.783160257,0.010105419,90.418586482,3533721369
39.99788780132,-83.03260531358,229,4.31926716122076,-0.0903,0.011800000444055,0.850069398,-0.021322183,90.447191895,3533768230
39.99788775637,-83.032602794,229,4.30300781314652,-0.103,0.011800000444055,0.915397455,-0.025521925,90.464941429,3533812411
39.99788771053,-83.03260028119,229,4.29522121549054,-0.1003,0.011800000444055,0.971245838,-0.018110993,90.477630724,3533865538
39.9978876725,-83.03259777549,229,4.28272483939839,-0.0697,0.011800000444055,0.990994031,-0.000159301,90.495584407,3533913810
39.99788764292,-83.0325952753,229,4.27303847045636,-0.0655,0.011800000444055,0.985265486,0.018140954,90.523417612,3533972509
39.99788761705,-83.03259278107,229,4.26194453858799,-0.0514,0.011800000444055,0.978468603,0.039467005,90.554413275,3534030058
39.997887599,-83.03259029093,229,4.25781652258526,-0.0331,0.011800000444055,0.935469636,0.070800007,90.579605217,3534066262
39.99788758329,-83.03258780179,229,4.25774019169794,-0.041,0.011800000444055,0.872160334,0.086169037,90.601398211,3534113871
39.99788756314,-83.03258531413,229,4.25350030092864,-0.0549,0.011800000444055,0.842369264,0.082271022,90.629881795,3534162567
39.99788753173,-83.0325828256,229,4.25665180159242,-0.0847,0.011800000444055,0.852443524,0.054269144,90.659022625,3534230970
39.9978874914,-83.0325803352,229,4.2636511419205,-0.0946,0.011800000444055,0.891194208,0.00041088,90.686183278,3534266439
39.99788744859,-83.03257783836,229,4.27616271556638,-0.0971,0.011800000444055,0.908106638,-0.092104476,90.701759857,3534313080
39.99788740041,-83.03257533793,229,4.27761973298235,-0.1099,0.011800000444055,0.925694673,-0.216212038,90.705316046,3534363143
39.99788735097,-83.03257284704,229,4.25228253647379,-0.1075,0.011800000444055,0.958680586,-0.321433411,90.710546278,3534417895
39.9978873032,-83.03257037238,229,4.21945426803041,-0.1025,0.011800000444055,0.992971726,-0.382537811,90.723150648,3534543339
39.99788725976,-83.03256791357,229,4.19140002982297,-0.0962,0.012000000104308,1.008072389,-0.380345871,90.740044886,3534567720
39.99788722152,-83.03256546526,229,4.17817183227306,-0.0866,0.012000000104308,1.021117242,-0.346765009,90.767567681,3534589381
39.99788718941,-83.03256302114,229,4.17471435789324,-0.0746,0.012000000104308,1.005128633,-0.315602914,90.801021507,3534622057
39.99788715938,-83.03256057876,229,4.17285702247273,-0.0743,0.012000000104308,0.98617129,-0.292612735,90.833563035,3534676130
39.99788712831,-83.03255813569,229,4.17529352860371,-0.077,0.012000000104308,0.98375867,-0.282700513,90.86222006,3534720212
39.99788709562,-83.03255569165,229,4.17543599879102,-0.0824,0.012000000104308,0.976527692,-0.290420396,90.883960274,3534768722
39.99788705949,-83.03255325109,229,4.16766073595248,-0.0911,0.012000000104308,0.964649524,-0.294089712,90.893214716,3534826561
39.9978870154,-83.03255081624,229,4.15592816347925,-0.1071,0.012000000104308,0.964326906,-0.287044998,90.892855703,3534866846
39.99788697188,-83.03254838795,229,4.14591254731694,-0.0955,0.012000000104308,0.962083069,-0.267362958,90.899669706,3534912832
39.99788693706,-83.03254596337,229,4.14100831803077,-0.0789,0.012000000104308,0.922978384,-0.247798517,90.92066495,3534971780
39.99788690636,-83.03254354135,229,4.13691090791184,-0.0751,0.012000000104308,0.883963396,-0.231819313,90.952025039,3535016925
39.99788688056,-83.03254112106,229,4.13321490488941,-0.0587,0.012000000104308,0.833091827,-0.21960754,90.983688907,3535067065
39.99788685759,-83.03253870189,229,4.13210267297414,-0.0628,0.012000000104308,0.762695932,-0.217871945,91.010410894,3535113710
39.99788682298,-83.03253628326,229,4.13300393055705,-0.0986,0.012000000104308,0.745480786,-0.226890451,91.028784361,3535163655
39.99788677308,-83.03253386258,229,4.1388040639779,-0.1258,0.012000000104308,0.790687049,-0.252965675,91.044878352,3535221707
39.99788672172,-83.03253143946,229,4.14220165250317,-0.119,0.012000000104308,0.824622539,-0.305293799,91.063471601,3535266215
39.997886668,-83.03252901867,229,4.13550894207714,-0.1276,0.012000000104308,0.837511661,-0.360170841,91.08222623,3535312541
39.9978866128,-83.03252660636,229,4.11445989165042,-0.1287,0.012000000104308,0.855246792,-0.387614394,91.100604184,3535365486
39.99788655958,-83.03252420253,229,4.10178952409799,-0.1208,0.012000000104308,0.865729895,-0.38881242,91.116809289,3535413771
39.99788650675,-83.03252180861,229,4.08362459831949,-0.1272,0.012000000104308,0.887955644,-0.357010773,91.138193443,3535552833
39.99788645479,-83.03251942167,229,4.07611788347688,-0.1237,0.012099999934435,0.912038771,-0.326829634,91.162663808,3535580123
39.99788641259,-83.03251703642,229,4.07147553105751,-0.0983,0.012099999934435,0.909753287,-0.297830285,91.212879635,3535621294
39.99788638332,-83.03251465331,229,4.07000399139853,-0.0766,0.012099999934435,0.840432239,-0.288235446,91.279645581,3535671467
39.99788635493,-83.0325122702,229,4.06651109675112,-0.0932,0.012099999934435,0.760449845,-0.307973436,91.345980262,3535700108
39.99788631885,-83.03250988896,229,4.06182016834818,-0.1034,0.012099999934435,0.731965458,-0.3372195,91.403377286,3535739076
39.99788627589,-83.03250751125,229,4.053911366816,-0.1195,0.012099999934435,0.717296897,-0.37275548,91.444449744,3535776091
39.99788622204,-83.03250513971,229,4.03940001114027,-0.1414,0.012099999934435,0.728553249,-0.408149133,91.473621498,3535813865
39.99788616372,-83.0325027854,229,4.00462447178259,-0.1431,0.012099999934435,0.728046368,-0.411047683,91.501995244,3535865989
39.99788610521,-83.03250045104,229,3.97210440950386,-0.145,0.012099999934435,0.708461101,-0.371850003,91.535938278,3535913791
39.99788604382,-83.03249813504,229,3.93766824529442,-0.1525,0.012099999934435,0.71429258,-0.350982884,91.576485761,3535971009
39.99788598675,-83.03249584622,229,3.88063693354583,-0.1314,0.012099999934435,0.723605209,-0.367646194,91.624748294,3536025438
39.99788593795,-83.03249359869,229,3.7952953310645,-0.1146,0.012099999934435,0.697135293,-0.409120742,91.66598766,3536071297
39.99788589278,-83.03249140542,229,3.69642079855635,-0.1121,0.012099999934435,0.665887934,-0.458152491,91.705689381,3536112980
39.99788585164,-83.03248927182,229,3.58760307865851,-0.0992,0.012099999934435,0.614212265,-0.528450264,91.735132879,3536162686
39.99788581115,-83.03248720601,229,3.46834166281236,-0.1015,0.012099999934435,0.548238053,-0.605569265,91.753702473,3536213706
39.99788577006,-83.03248521209,229,3.34064174224055,-0.1042,0.012099999934435,0.491353015,-0.681263292,91.771635931,3536266111
39.99788572878,-83.03248329554,229,3.20581853042246,-0.1041,0.012099999934435,0.450725732,-0.736726973,91.796711062,3536312337
39.99788568667,-83.03248145818,229,3.07180127612448,-0.1085,0.012099999934435,0.423848621,-0.765052963,91.825558866,3536363795
39.99788563947,-83.03247969721,229,2.94231376470967,-0.1197,0.012099999934435,0.416203298,-0.772783267,91.847926035,3536421778
39.99788558815,-83.03247801218,229,2.81385566971727,-0.1274,0.012099999934435,0.425641106,-0.766332143,91.870041218,3536530864
39.99788553596,-83.03247640519,229,2.68511086549513,-0.1266,0.012600000016391,0.440981596,-0.748660802,91.885869493,3536571041
39.99788548185,-83.03247487166,229,2.56554207917157,-0.1253,0.012600000016391,0.466451961,-0.71774313,91.90315894,3536592384
39.99788543339,-83.03247340573,229,2.45075758287106,-0.1052,0.012600000016391,0.468916913,-0.703679111,91.92146551,3536629197
39.997885392,-83.03247200813,229,2.33200434176268,-0.0986,0.012600000016391,0.447491048,-0.714074847,91.945615974,3536687148
39.99788534853,-83.0324706853,229,2.19720051201523,-0.1087,0.012600000016391,0.461295641,-0.725570456,91.97207678,3536723525
39.99788530405,-83.03246944454,229,2.05430233899492,-0.1028,0.012600000016391,0.506564205,-0.711452587,92.001111572,3536768257
39.99788526554,-83.03246828294,229,1.9222,-0.0856,0.012600000016391,0.521951891,-0.678666915,92.029197664,3536822009
39.99788523429,-83.03246719155,229,1.8098147225614,-0.0722,0.012600000016391,0.493622117,-0.658667794,92.052982719,3536874975
39.99788520677,-83.03246616267,229,1.70872214827338,-0.0666,0.012600000016391,0.457525902,-0.682654825,92.071850224,3536912878
39.99788518239,-83.03246519197,229,1.60970807912491,-0.0596,0.012600000016391,0.427308316,-0.757374428,92.087689389,3536971361
39.99788515522,-83.03246428905,229,1.48330389671166,-0.069,0.012600000016391,0.427685117,-0.854330037,92.099334335,3537014505
39.99788512557,-83.03246346598,229,1.33716126551736,-0.072,0.012600000016391,0.442527388,-0.929133152,92.105936315,3537065836
39.99788509567,-83.03246272986,229,1.18778369242889,-0.0723,0.012600000016391,0.461780437,-0.956087513,92.116019356,3537116758
39.99788506632,-83.03246207945,229,1.04506217996825,-0.0728,0.012600000016391,0.481075746,-0.943329253,92.132518456,3537162422
39.99788503595,-83.03246150941,229,0.913226067302067,-0.0735,0.012600000016391,0.513404095,-0.920272098,92.151594856,3537222842
39.99788500637,-83.03246101454,229,0.786306511482641,-0.0691,0.012600000016391,0.552522256,-0.907171506,92.167314637,3537266272
39.9978849809,-83.03246059314,229,0.65970194027303,-0.0547,0.012600000016391,0.581644363,-0.91293946,92.17361801,3537317010
39.99788496211,-83.03246024705,229,0.527945091841945,-0.0368,0.012600000016391,0.593414467,-0.925491359,92.173672127,3537366515
39.99788495118,-83.03245997927,229,0.392127530275547,-0.0202,0.012600000016391,0.58480029,-0.933137292,92.170679016,3537412584
39.9978849471,-83.03245979111,229,0.256165259159005,-0.0061,0.012600000016391,0.568184281,-0.928686408,92.172771973,3537529989
39.99788494929,-83.03245968135,229,0.125648597286241,-0.0028,0.014100000262261,0.558709134,-0.920682457,92.177687062,3537567505
39.99788495334,-83.03245964341,229,0.0085,-0.0007,0.014100000262261,0.549894507,-0.910785373,92.183058114,3537602274
39.99788495797,-83.03245967094,229,0.098814017224279,0.0011,0.014100000262261,0.535779892,-0.899081241,92.183012753,3537665286
39.99788496267,-83.03245973981,229,0.139770132717974,-0.0008,0.014100000262261,0.521763135,-0.872104281,92.181493259,3537695154
39.99788496512,-83.03245981756,229,0.135061948749454,-0.007,0.014100000262261,0.517226453,-0.840078546,92.184242828,3537729099
39.99788496488,-83.03245988291,229,0.114232963718885,-0.0146,0.014100000262261,0.527348554,-0.808813183,92.193070824,3537773298
39.99788496236,-83.03245993093,229,0.085709276044078,-0.0173,0.014100000262261,0.549505166,-0.769475529,92.203231006,3537812273
39.9978849586,-83.03245995573,229,0.053254952821311,-0.0175,0.014100000262261,0.568802261,-0.725097418,92.208273396,3537865183
39.99788495487,-83.03245995991,229,0.028900692033237,-0.0153,0.014100000262261,0.575960747,-0.678693973,92.20551531,3537913065
39.99788495255,-83.03245995389,229,0.019891958174096,-0.0112,0.014100000262261,0.573912621,-0.635824942,92.196657607,3537971545
39.99788495184,-83.03245994687,229,0.033854098717881,-0.0075,0.014100000262261,0.571464041,-0.602784883,92.191049103,3538017256
39.99788495268,-83.03245994437,229,0.042251153830399,-0.0048,0.014100000262261,0.572926055,-0.579927173,92.192919591,3538066055
39.99788495513,-83.03245994632,229,0.036266789215479,-0.0035,0.014100000262261,0.575450587,-0.559085514,92.19959824,3538114063
39.99788495738,-83.03245994755,229,0.016120794025109,-0.0037,0.014100000262261,0.572693625,-0.547816519,92.203388631,3538162514
39.99788495852,-83.03245994344,229,0.017400287353949,-0.006,0.014100000262261,0.566135672,-0.555425406,92.203831789,3538226789
39.99788495903,-83.03245993368,229,0.039845325949225,-0.0081,0.014100000262261,0.563412647,-0.583769981,92.203160736,3538264731
39.9978849586,-83.03245992314,229,0.047316487612671,-0.0072,0.014100000262261,0.563449041,-0.615790356,92.202683698,3538312528
39.997884959,-83.03245991716,229,0.039636473102434,-0.0059,0.014100000262261,0.56093367,-0.643841326,92.202419479,3538362969
39.99788495976,-83.03245991768,229,0.026409278672467,-0.0062,0.014100000262261,0.557958314,-0.663076714,92.202892927,3538418278
39.9978849596,-83.03245992361,229,0.01878563280808,-0.0066,0.014100000262261,0.557103043,-0.669601118,92.203443854,3538530356
39.99788496174,-83.03245993233,229,0.014405554484295,-0.0068,0.013799999840558,0.55822981,-0.66135818,92.204205185,3538551554
