39.99809693112,-83.03239531296,229,-0.0048,0.03044892779248,1.24140650970854,-0.09135526730344,-1.170504651,-0.145903373,182.754616964,2024,10,31,13,2,8.94777
39.99809692022,-83.03239531354,229,-0.0054,0.04029633679902,1.29440338078954,-0.10874186397358,-1.171098586,-0.139706418,182.754932527,2024,10,31,13,2,9.001748
39.99809690872,-83.03239531417,229,-0.006,0.04238290131018,1.32806828930162,-0.08601053097474,-1.171400772,-0.13402933,182.755241197,2024,10,31,13,2,9.054896
39.99809682578,-83.03239531916,229,-0.0091,0.0370688355337,1.55973207318234,-0.0229586287515,-1.172847023,-0.095360499,182.756693009,2024,10,31,13,2,9.108403
39.99809673605,-83.03239532516,229,-0.012,0.03350157551598,1.8001758059013,0.05485009594894,-1.173060345,-0.063851187,182.758067397,2024,10,31,13,2,9.161751
39.9980966945,-83.03239532803,229,-0.0131,0.0285943030122,1.80677480067104,0.095913441153,-1.172601896,-0.052492965,182.758838066,2024,10,31,13,2,9.215306
39.99809657576,-83.03239533653,229,-0.016,0.04190197688044,2.81941145634924,0.32555820493868,-1.169560261,-0.031704841,182.762768137,2024,10,31,13,2,9.268484
39.99809634104,-83.03239535242,229,-0.018,-0.04652971904104,1.87029408249732,0.18219447806014,-1.16419187,-0.020761445,182.774202682,2024,10,31,13,2,9.321312
39.99809623922,-83.03239535818,229,-0.0173,-0.09706338807174,1.84237701944404,0.1196230555185,-1.163985959,-0.02290442,182.779252177,2024,10,31,13,2,9.374343
39.99809605389,-83.03239536821,229,-0.0187,-0.02978257745832,1.730245442519,-0.02943236664938,-1.166321042,-0.025390413,182.787581464,2024,10,31,13,2,9.427319
39.99809567277,-83.03239538898,229,-0.0223,-0.01016658951414,1.63442957661274,-0.08523072656724,-1.170560545,-0.022830211,182.80044149,2024,10,31,13,2,9.480477
39.99809543473,-83.03239540293,229,-0.0262,0.0394853970648,1.67489114342604,-0.07783061476592,-1.170486404,-0.017604585,182.809643044,2024,10,31,13,2,9.533321
39.99809517757,-83.03239541852,229,-0.0294,0.05252176121886,1.69739246094646,0.00943324758904,-1.167273079,-0.011849281,182.821317973,2024,10,31,13,2,9.586566
39.99809484335,-83.03239544024,229,-0.0335,0.04683272104124,1.72413146522896,0.0486165307845,-1.161207988,-0.00820534,182.835394423,2024,10,31,13,2,9.639804
39.99809460531,-83.03239545654,229,-0.0382,0.22235388860912,2.47581470081748,-0.0241208389593,-1.156477535,-0.006364154,182.843729404,2024,10,31,13,2,9.692831
39.99809422611,-83.03239548416,229,-0.042,0.04124160770262,1.63635949768408,-0.03383581687296,-1.143961678,-0.000100126,182.85580004,2024,10,31,13,2,9.746254
39.99809388917,-83.03239550817,229,-0.043,-0.00997374399164,1.72137897611366,-0.00052084507444,-1.135166812,0.005817433,182.868190815,2024,10,31,13,2,9.799431
39.99809345911,-83.0323955373,229,-0.0433,-0.03167746966328,1.7537236010672,0.07550544843718,-1.128117468,0.009185896,182.88754426,2024,10,31,13,2,9.852483
39.99809307932,-83.03239556298,229,-0.0467,0.06881669637268,1.71611073906406,0.1056249577267,-1.117141419,0.009571605,182.905398924,2024,10,31,13,2,9.906349
39.99809259863,-83.03239559402,229,-0.0448,-0.12398911705582,1.6370111928407,-0.01068145482198,-1.105346226,0.01105534,182.923458412,2024,10,31,13,2,9.959594
39.99809217731,-83.0323956181,229,-0.0408,-0.10392880016482,0.83519935894544,-0.0019843888461,-1.109806324,0.012674877,182.934731642,2024,10,31,13,2,10.012519
39.99809173716,-83.03239564173,229,-0.0423,-0.01964772071426,2.48165324477194,-0.02775197866962,-1.119675749,0.013627473,182.944858577,2024,10,31,13,2,10.065736
39.99809118484,-83.0323956731,229,-0.0474,0.03943536660884,1.62537579319656,-0.05221683780646,-1.119117025,0.017541154,182.956090781,2024,10,31,13,2,10.118476
39.99809070471,-83.03239570141,229,-0.0513,0.0688159223868,1.61195906175504,-0.03853617049568,-1.113414064,0.026615835,182.9645573,2024,10,31,13,2,10.17185
39.99809060652,-83.03239570717,229,-0.051,0.01515578418882,1.60192880340038,-0.02468369259648,-1.111187886,0.028415349,182.966269207,2024,10,31,13,2,10.226112
39.99809000191,-83.03239574311,229,-0.0521,-0.04966495620432,0.8388464139196,-0.04084671681082,-1.105585311,0.041846275,182.974370702,2024,10,31,13,2,10.279989
39.9980890419,-83.03239580008,229,-0.0555,-0.07500992846052,1.69855310220934,0.02574808518866,-1.102883548,0.048296081,182.982581454,2024,10,31,13,2,10.333369
39.99808859521,-83.03239582472,229,-0.0527,-0.1967356616299,1.5888616804085,-0.01110426608288,-1.106333669,0.046608654,182.98483962,2024,10,31,13,2,10.387676
39.99808778792,-83.03239586411,229,-0.047,-0.17204973364794,1.3520989243127,0.08470616233754,-1.123059692,0.037153253,182.986616501,2024,10,31,13,2,10.440128
39.99808719419,-83.03239589067,229,-0.0464,-0.06650970616214,1.15595331923072,0.05849695608698,-1.141807769,0.030480448,182.983346041,2024,10,31,13,2,10.493435
39.99808658774,-83.03239591758,229,-0.0492,0.11048940046836,1.1706877924252,0.14348161150072,-1.159778954,0.026652889,182.974681285,2024,10,31,13,2,10.546781
39.9980858424,-83.03239595426,229,-0.0583,0.28685297208804,1.21491982278386,0.06204347323884,-1.1697149,0.017428974,182.962372262,2024,10,31,13,2,10.600208
39.99808520629,-83.03239599041,229,-0.0669,0.1270175840953,0.59509395601602,-0.00830748122196,-1.163683751,0.004719282,182.954545165,2024,10,31,13,2,10.654442
39.99808455776,-83.03239602872,229,-0.0679,0.04972644788008,1.64016672502128,-0.16904383546014,-1.158572369,-0.005541826,182.948623638,2024,10,31,13,2,10.708567
39.99808376422,-83.0323960753,229,-0.066,-0.16562297017774,1.03278337120698,-0.10969035832438,-1.157053189,-0.006544068,182.941445963,2024,10,31,13,2,10.762376
39.99808308987,-83.03239611283,229,-0.0641,-0.14021511235626,1.05681361469226,0.03404992371004,-1.160028615,0.00051862,182.933269447,2024,10,31,13,2,10.815472
39.99808226391,-83.03239615745,229,-0.0644,-0.06742691471834,1.13572354364154,-0.04492821380328,-1.154877138,0.010613133,182.916870959,2024,10,31,13,2,10.868608
39.99808156113,-83.03239619301,229,-0.0592,-0.38879774429004,1.6910776427167,-0.0671140061429,-1.152484541,0.017325548,182.898462904,2024,10,31,13,2,10.922451
39.99808084553,-83.03239622681,229,-0.058,-0.0499878869771,0.58454960310744,-0.00745342245582,-1.162681161,0.024602944,182.878167733,2024,10,31,13,2,10.976096
39.99807997029,-83.0323962648,229,-0.0557,-0.00737565096422,1.06618070320814,-0.09323151955196,-1.187430474,0.037461777,182.852293344,2024,10,31,13,2,11.02975
39.99807922671,-83.03239629665,229,-0.0561,-0.00510951712638,0.57784422089306,0.00317455588876,-1.199207773,0.049558004,182.836923572,2024,10,31,13,2,11.083071
39.99807846986,-83.03239632886,229,-0.0589,0.1676450533587,1.17687789951576,0.14623895220652,-1.204161444,0.059199755,182.825816432,2024,10,31,13,2,11.136789
39.99807770022,-83.03239636331,229,-0.0638,0.25505020783118,1.13980206788906,0.11273690125992,-1.208608754,0.066206522,182.811223967,2024,10,31,13,2,11.19126
39.99807738905,-83.03239637801,229,-0.0645,0.15262327621686,1.04334953575744,0.14183142490544,-1.211752523,0.068011153,182.803441581,2024,10,31,13,2,11.24421
39.99807596699,-83.03239644535,229,-0.0639,-0.0929063925744,0.94326884838902,0.14398569315696,-1.226767655,0.089030878,182.76136326,2024,10,31,13,2,11.297538
39.99807516079,-83.03239647924,229,-0.0548,-0.3191481865427,1.06582924432804,0.06030278313006,-1.243937618,0.107631941,182.74368156,2024,10,31,13,2,11.351716
39.9980743404,-83.03239650819,229,-0.0479,-0.20403226748902,1.37360993720892,0.05617873966998,-1.27445661,0.117071159,182.728165573,2024,10,31,13,2,11.405355
39.99807316652,-83.03239654454,229,-0.0428,-0.25352273064878,1.69474996107446,-0.02077238186446,-1.325513999,0.094340363,182.704026275,2024,10,31,13,2,11.458864
39.99807231415,-83.03239656986,229,-0.0422,-0.106404577295,0.79603948139712,-0.12678259100334,-1.365879704,0.080187236,182.682057455,2024,10,31,13,2,11.512751
39.99807145358,-83.03239659561,229,-0.0441,-0.00904825621636,0.6975595538222,-0.03086703058744,-1.410219503,0.088131222,182.655579839,2024,10,31,13,2,11.566758
39.99807040872,-83.03239663051,229,-0.0527,0.1558294247243,0.89927282889368,-0.09898245801,-1.454248777,0.110786263,182.621502997,2024,10,31,13,2,11.621391
39.99806952603,-83.03239666521,229,-0.0631,0.27616617467064,1.0194064774339,-0.10014560001186,-1.477214084,0.122281483,182.593472724,2024,10,31,13,2,11.675479
39.99806845353,-83.03239670988,229,-0.0621,-0.15738403620218,0.686655143346,-0.00078508941192,-1.491197931,0.124281367,182.561573374,2024,10,31,13,2,11.729513
39.99806755192,-83.03239674473,229,-0.0564,-0.30318956410898,0.60193685092088,-0.03031290898264,-1.515637438,0.135964433,182.538258728,2024,10,31,13,2,11.78323
39.99806664213,-83.03239678002,229,-0.062,0.15569635959726,0.80055005348114,-0.04453756046972,-1.537890773,0.152587526,182.51125581,2024,10,31,13,2,11.837529
39.99806553853,-83.03239682436,229,-0.0631,-0.01666965264112,0.75158875505258,0.01929243167696,-1.542115243,0.162807714,182.475523452,2024,10,31,13,2,11.89232
39.99806460967,-83.0323968592,229,-0.0557,-0.1601214069896,0.31431724726422,-0.01838860826838,-1.551256754,0.169612358,182.44616745,2024,10,31,13,2,11.946013
39.99806348578,-83.03239689779,229,-0.0542,-0.25554046691614,0.61122566465654,-0.09079553395678,-1.579236111,0.186607338,182.418370962,2024,10,31,13,2,11.999406
39.99806254194,-83.03239693263,229,-0.0639,0.3198821081827,0.63338768624674,0.07004880217872,-1.591317524,0.206772359,182.396192659,2024,10,31,13,2,12.052944
39.99806159122,-83.03239697714,229,-0.0838,0.6495808292175,0.611012372129,0.08480091191006,-1.567286947,0.217974916,182.369066656,2024,10,31,13,2,12.106774
39.99806063449,-83.03239703268,229,-0.1023,0.5900088948434,0.54414181299364,0.02664552599326,-1.507561287,0.222941585,182.335490687,2024,10,31,13,2,12.159924
39.99806005774,-83.03239706827,229,-0.1035,0.23823187865352,0.51851007035634,0.17771033785656,-1.467846648,0.22628083,182.314920772,2024,10,31,13,2,12.21376
39.998059672,-83.03239709174,229,-0.101,-0.03780380758968,0.52542247784908,0.06409542511906,-1.443491122,0.226356404,182.30411288,2024,10,31,13,2,12.267501
39.99805792421,-83.03239719831,229,-0.1054,0.18563564409338,0.61888777900598,0.13291892616178,-1.34514388,0.220108474,182.265269191,2024,10,31,13,2,12.321543
39.99805674552,-83.03239727018,229,-0.0975,-0.3522711608942,0.642801860998,0.00693569758568,-1.256349559,0.194938016,182.247232014,2024,10,31,13,2,12.375498
39.99805535997,-83.03239734257,229,-0.0785,-0.56251143726912,0.39820769209192,-0.15904860523026,-1.195309318,0.161998086,182.217175988,2024,10,31,13,2,12.429992
39.99805416786,-83.03239739433,229,-0.0669,-0.42201075726928,0.13329750782758,-0.35419522798596,-1.178767182,0.160229489,182.184287845,2024,10,31,13,2,12.485129
39.99805317233,-83.03239743358,229,-0.065,-0.12375449516794,0.28975569692256,0.02921980798102,-1.173490245,0.179044035,182.155915619,2024,10,31,13,2,12.540238
39.9980519692,-83.03239747679,229,-0.0568,-0.3213412789584,0.7023431960064,0.1543813899996,-1.176255166,0.189831882,182.128636103,2024,10,31,13,2,12.594341
39.99805075288,-83.03239751358,229,-0.0467,-0.62321170727472,1.23312210790672,0.18039787408896,-1.201323254,0.164508129,182.117478009,2024,10,31,13,2,12.647134
39.99804993629,-83.03239753645,229,-0.0477,-0.06143625616886,0.5347777327035,-0.38218061779984,-1.221403699,0.143770529,182.114207066,2024,10,31,13,2,12.700837
39.99804870735,-83.03239757056,229,-0.0482,-0.01059755621408,0.22772750672856,-0.23313338273132,-1.245596209,0.129151118,182.107382066,2024,10,31,13,2,12.754225
39.99804747414,-83.03239760306,229,-0.0478,0.13960746806834,0.3898228144059,0.07326944219308,-1.283140187,0.137251641,182.086617868,2024,10,31,13,2,12.808437
39.99804643991,-83.03239763325,229,-0.0552,0.42640955401144,0.91451092333256,0.23573977256138,-1.297236418,0.134791159,182.065175129,2024,10,31,13,2,12.86277
39.99804519022,-83.0323976742,229,-0.0604,0.17033753395698,0.55639055538158,-0.07745690745904,-1.292836278,0.120551614,182.046121965,2024,10,31,13,2,12.917334
39.99804414238,-83.03239770767,229,-0.0546,-0.21288689165352,0.50205668639354,0.05886969375426,-1.298847069,0.107887691,182.043081157,2024,10,31,13,2,12.97099
39.99804309045,-83.03239773543,229,-0.0426,-0.39649683448892,0.27257046019306,0.03709922461808,-1.330934977,0.098904896,182.048598882,2024,10,31,13,2,13.025485
39.998041822,-83.03239776869,229,-0.0505,0.37960638442284,0.77366482842506,-0.01972450954974,-1.371095647,0.094888238,182.0460167,2024,10,31,13,2,13.079004
39.99804075795,-83.03239779764,229,-0.0464,-0.14922702431874,0.28447338170908,0.00741240475094,-1.38347818,0.076829971,182.03538383,2024,10,31,13,2,13.133144
39.99803968735,-83.03239782377,229,-0.043,-0.13623639990098,0.63192545532686,-0.061434038083,-1.412500623,0.055824874,182.013180082,2024,10,31,13,2,13.187669
39.99803947237,-83.03239782876,229,-0.0422,-0.15043240060442,0.63657980519468,-0.04332020611098,-1.419511194,0.049565937,182.008301037,2024,10,31,13,2,13.242534
39.99803839394,-83.03239785395,229,-0.0431,0.00225463207442,0.55196479444888,-0.02670323351872,-1.454672598,0.017640199,181.987478113,2024,10,31,13,2,13.295703
39.9980368749,-83.03239789093,229,-0.0501,0.17431139176896,0.24002842301012,-0.0485271941236,-1.497937866,-0.02718111,181.970169313,2024,10,31,13,2,13.349428
39.9980357822,-83.03239792229,229,-0.0598,0.37940285288532,0.4769921098165,-0.04258504813512,-1.510871952,-0.05757427,181.964237312,2024,10,31,13,2,13.403712
39.99803358188,-83.03239800299,229,-0.0831,0.80553315071304,0.4749368003946,-0.08629639711602,-1.497189103,-0.111376807,181.944839673,2024,10,31,13,2,13.458875
39.99803247574,-83.03239805132,229,-0.0848,0.0403566955629,0.41794600954164,-0.0878100814695,-1.47026366,-0.124708328,181.928327735,2024,10,31,13,2,13.514295
39.99803114175,-83.03239810465,229,-0.0726,-0.33673399623406,0.4255473664026,-0.07832012827198,-1.455171282,-0.134107022,181.910945844,2024,10,31,13,2,13.570017
39.99803002351,-83.03239814271,229,-0.0612,-0.45308805123692,0.58653344135634,0.03782733437596,-1.458041905,-0.144137484,181.901542271,2024,10,31,13,2,13.625069
39.99802867103,-83.03239818083,229,-0.0536,-0.13631387274994,0.6643250120937,0.18135388178738,-1.47833446,-0.177191754,181.897265211,2024,10,31,13,2,13.679483
39.99802753729,-83.03239821286,229,-0.0596,0.27777462812086,0.42243923117024,-0.08309471962662,-1.483222985,-0.212188679,181.892282761,2024,10,31,13,2,13.733837
39.99802639896,-83.03239824477,229,-0.0534,-0.25025144742728,0.27774289091248,-0.1512469477591,-1.481845625,-0.241660017,181.886445375,2024,10,31,13,2,13.78824
39.99802502924,-83.03239827522,229,-0.0385,-0.40616409779444,0.2612932813569,-0.1546928337221,-1.526024083,-0.261266273,181.879477668,2024,10,31,13,2,13.841865
39.99802388203,-83.03239829794,229,-0.0408,0.046242989925,0.63287824610806,-0.04956225452658,-1.578636603,-0.277053413,181.874583853,2024,10,31,13,2,13.896038
39.99802249854,-83.03239833106,229,-0.0538,0.34675268942356,0.27743715996722,-0.03921186064784,-1.600838169,-0.317507077,181.873254181,2024,10,31,13,2,13.949315
39.99802134353,-83.03239836528,229,-0.0628,0.25608389348698,0.07885370902754,0.09424266554034,-1.58908785,-0.345659606,181.872330839,2024,10,31,13,2,14.003572
39.99801995435,-83.03239841078,229,-0.0675,0.10569867882964,0.56262722714996,0.1174501145139,-1.583539868,-0.372291515,181.868464475,2024,10,31,13,2,14.058465
39.9980187926,-83.03239844821,229,-0.0615,-0.26460146828616,0.40009874640872,0.15651088857728,-1.599708219,-0.40799487,181.871685501,2024,10,31,13,2,14.112396
39.99801809356,-83.03239847061,229,-0.0655,0.23524801001912,0.32996015147712,-0.1600894354946,-1.613368889,-0.432066765,181.875698735,2024,10,31,13,2,14.166727
39.99801715954,-83.03239850288,229,-0.0722,0.25349810470956,0.2820167191154,-0.15762577731086,-1.611428736,-0.473027442,181.883595479,2024,10,31,13,2,14.219859
39.99801575734,-83.03239854708,229,-0.0599,-0.4064418828932,-0.1408593363274,-0.28320056992848,-1.607630646,-0.528585489,181.894440449,2024,10,31,13,2,14.273673
39.99801412483,-83.03239859026,229,-0.0487,-0.25780346256546,-0.1330294664633,-0.25074772509194,-1.636252434,-0.555642565,181.900104165,2024,10,31,13,2,14.327714
39.9980127241,-83.03239862161,229,-0.04,-0.32305761329414,0.14010788143376,-0.26537062086498,-1.682590767,-0.557653624,181.905166203,2024,10,31,13,2,14.382681
39.99801132088,-83.0323986518,229,-0.0454,0.17512298379402,0.1815710932219,0.00558220618716,-1.733223828,-0.560578625,181.919415573,2024,10,31,13,2,14.437745
39.99800991613,-83.03239868922,229,-0.0608,0.54954205555882,0.05485514416504,0.10414251700688,-1.756897474,-0.562726236,181.94465398,2024,10,31,13,2,14.492614
39.99800874486,-83.03239873085,229,-0.0806,1.10241312893732,0.10334108804946,0.2054090962311,-1.746236361,-0.566521706,181.963266244,2024,10,31,13,2,14.547706
39.99800733884,-83.03239879161,229,-0.0928,0.47497468211296,0.04001377041132,0.07800988296718,-1.701568215,-0.565697079,181.982397476,2024,10,31,13,2,14.602777
39.99800593303,-83.03239885654,229,-0.0955,0.21185359859786,-0.06589431273144,0.07235822404368,-1.65671869,-0.55913351,182.006609008,2024,10,31,13,2,14.657764
39.99800476231,-83.03239890785,229,-0.0866,-0.0971245986696,0.03620800492966,0.09479748344866,-1.637081364,-0.540620153,182.026658218,2024,10,31,13,2,14.713848
39.99800335346,-83.03239896858,229,-0.0854,-0.05861055318722,0.41314706085008,-0.0276561047336,-1.6211618,-0.535930859,182.049659444,2024,10,31,13,2,14.769255
39.9980021749,-83.03239901705,229,-0.079,-0.3139502137611,0.23684792069348,-0.14291205159468,-1.605708929,-0.553463315,182.069038255,2024,10,31,13,2,14.823751
39.99800076022,-83.0323990659,229,-0.0632,-0.4442185011047,-0.13771930367148,-0.14868253298444,-1.619440786,-0.574054512,182.094059808,2024,10,31,13,2,14.877439
39.99799958293,-83.0323991041,229,-0.0646,-0.01678128737462,-0.01179880479152,-0.14766985770792,-1.640308429,-0.577137199,182.115263957,2024,10,31,13,2,14.931546
39.99799840402,-83.03239914267,229,-0.0657,-0.00002701769224,0.23874469491392,-0.11192319864228,-1.652363739,-0.594361628,182.137688823,2024,10,31,13,2,14.984988
39.99799698586,-83.03239918638,229,-0.0595,-0.02417783974214,0.1736018154601,-0.05857431789834,-1.690560643,-0.637735539,182.163989057,2024,10,31,13,2,15.038707
39.99799580417,-83.03239922425,229,-0.0679,0.25777568272188,-0.064345956419,-0.22704498018412,-1.735010095,-0.666827341,182.18321669,2024,10,31,13,2,15.093346
39.99799462295,-83.03239926778,229,-0.0802,0.49391348456012,-0.03267220991822,-0.0317627597559,-1.758534288,-0.689847615,182.203829351,2024,10,31,13,2,15.146842
39.99799367794,-83.03239930646,229,-0.0871,0.43865316286994,-0.0130958585797,-0.0383187946402,-1.756388904,-0.711707996,182.222646043,2024,10,31,13,2,15.202678
39.99799296966,-83.03239933604,229,-0.0843,0.16808965206774,-0.07042460918926,-0.13168812931134,-1.755545923,-0.719087845,182.238446293,2024,10,31,13,2,15.257988
39.99799060945,-83.03239942547,229,-0.0766,0.130919265694,0.1063545236177,0.08213706691814,-1.80468713,-0.74197468,182.317868209,2024,10,31,13,2,15.312773
39.99798942747,-83.03239947587,229,-0.0927,0.55476228850964,0.2105283696087,0.02300340169076,-1.810165267,-0.761810671,182.362792321,2024,10,31,13,2,15.367861
39.99798800698,-83.03239954586,229,-0.104,0.28682517063022,0.06180805799816,0.1901939719628,-1.787588741,-0.802823849,182.414658562,2024,10,31,13,2,15.422777
39.99798658592,-83.03239962055,229,-0.1108,0.32002343189256,0.0635437995409,0.27653054678222,-1.780244469,-0.848110468,182.463598209,2024,10,31,13,2,15.477794
39.99798540114,-83.03239968727,229,-0.1203,0.51414802342784,0.07833728686936,0.17486232036738,-1.779813125,-0.890251231,182.507604946,2024,10,31,13,2,15.532726
39.99798421562,-83.03239976168,229,-0.1353,0.68393464340716,0.10740132299088,0.17540915208594,-1.748207258,-0.939411839,182.561245279,2024,10,31,13,2,15.58733
39.99798279215,-83.032399851,229,-0.124,-0.2977119889771,-0.07558647323276,0.13973847533428,-1.706995954,-1.010125411,182.635550448,2024,10,31,13,2,15.64239
39.99798184473,-83.03239991092,229,-0.1321,0.41937814251494,-0.24794119261684,0.24816394186712,-1.684182034,-1.05726103,182.680546054,2024,10,31,13,2,15.69546
39.99798019187,-83.03240001992,229,-0.1345,0.0674008816512,-0.26902879285396,-0.0651658064006,-1.646194925,-1.113642979,182.746841327,2024,10,31,13,2,15.750869
39.99797878113,-83.03240011475,229,-0.1355,0.0920930952982,-0.54450416734118,-0.24869319100952,-1.607493464,-1.134527484,182.809471459,2024,10,31,13,2,15.806347
39.9979776099,-83.03240019795,229,-0.1431,0.12809988523058,-0.27159134822534,-0.17808533852122,-1.565250908,-1.134642584,182.875016715,2024,10,31,13,2,15.862745
39.99797620394,-83.03240029759,229,-0.1382,-0.25750322279484,0.19586897886382,-0.16895274997746,-1.521282244,-1.141989131,182.96903994,2024,10,31,13,2,15.918206
39.99797503159,-83.03240038106,229,-0.1444,0.17228086441816,-0.05621661659058,-0.42003228014266,-1.504766448,-1.158749432,183.047561824,2024,10,31,13,2,15.973254
39.99797362848,-83.03240049288,229,-0.1721,0.90350122582904,-0.24036122030036,-0.34274385951554,-1.4459037,-1.157413634,183.138434468,2024,10,31,13,2,16.028372
39.99797246155,-83.03240059746,229,-0.1867,0.6429044246267,-0.09196799762878,-0.18522821892942,-1.359089881,-1.141838021,183.213556425,2024,10,31,13,2,16.082836
39.99797106431,-83.03240073003,229,-0.194,0.3575500597227,-0.19198188814248,-0.17333572903706,-1.25969171,-1.112444069,183.317333526,2024,10,31,13,2,16.139072
39.99797013506,-83.03240081895,229,-0.188,-0.1646028563371,-0.34843656064758,-0.07255748940504,-1.201550589,-1.084584327,183.397739958,2024,10,31,13,2,16.1931
39.99796967149,-83.03240086208,229,-0.1822,-0.38026144459878,-0.4233097121287,0.15431790002526,-1.183321763,-1.065381217,183.442397776,2024,10,31,13,2,16.248151
39.99796782406,-83.03240102036,229,-0.1567,-0.59868087520152,-0.31362699341512,0.35601202546476,-1.172702082,-0.958960041,183.63584554,2024,10,31,13,2,16.30163
39.99796643972,-83.03240113096,229,-0.1549,0.05546565302386,-0.10394440825186,0.43513469922148,-1.195799647,-0.872441231,183.78387097,2024,10,31,13,2,16.356584
39.99796528511,-83.03240122647,229,-0.1631,0.39333767797794,-0.01426646558042,0.1796245498774,-1.206778264,-0.812762894,183.897183704,2024,10,31,13,2,16.411717
39.99796344291,-83.03240138537,229,-0.1645,-0.10780000737168,-0.25659138027104,0.08418114540972,-1.239519337,-0.71265505,184.083278053,2024,10,31,13,2,16.467043
39.99796229429,-83.03240148215,229,-0.1562,-0.387658292022,-0.15249173802286,-0.1894787234256,-1.310516679,-0.645933041,184.221476945,2024,10,31,13,2,16.524181
39.99796091936,-83.03240159941,229,-0.1672,0.34274551050062,-0.28401113640398,-0.31921866830206,-1.416977835,-0.561593836,184.404237834,2024,10,31,13,2,16.580414
39.99795977753,-83.03240170561,229,-0.1832,0.51853654741772,-0.16579986932272,-0.3611875451571,-1.475238181,-0.473389941,184.561210166,2024,10,31,13,2,16.635886
39.99795863725,-83.03240181957,229,-0.1946,0.32711754685258,-0.0040798172582,0.13577341171896,-1.50497114,-0.396676395,184.726014522,2024,10,31,13,2,16.693727
39.9979570401,-83.03240198956,229,-0.2123,0.58186468084544,0.1071864636479,0.43936065154868,-1.562596534,-0.316293684,184.966846729,2024,10,31,13,2,16.751306
39.99795589908,-83.03240212299,229,-0.2384,1.15134529838826,-0.0386874501495,0.14575989352652,-1.595935541,-0.281820701,185.152354773,2024,10,31,13,2,16.809264
39.99795453172,-83.03240230434,229,-0.2722,1.19297999088594,0.08675505444052,0.11099218619114,-1.599869347,-0.244898527,185.387517432,2024,10,31,13,2,16.86384
39.99795316913,-83.032402503,229,-0.2889,0.66515299988206,-0.34805965780208,-0.04635769921444,-1.579339503,-0.213883277,185.635425896,2024,10,31,13,2,16.918321
39.99795203911,-83.03240267971,229,-0.3079,0.8145376102411,-0.29846724657284,0.04131869715506,-1.549282291,-0.172199532,185.849744149,2024,10,31,13,2,16.974169
39.997950685,-83.0324029068,229,-0.3298,0.64784728346582,-0.01960051351432,0.21474272054924,-1.47645745,-0.13534481,186.119510363,2024,10,31,13,2,17.0293
39.99794955868,-83.03240310531,229,-0.3399,0.32467078868192,-0.0613231843307,-0.0045688912108,-1.417080153,-0.12082884,186.352548688,2024,10,31,13,2,17.085229
39.99794843308,-83.03240331436,229,-0.3653,0.9497091931952,0.0358457322741,-0.3265706150296,-1.364329905,-0.104086359,186.589511879,2024,10,31,13,2,17.141569
39.99794730896,-83.03240353901,229,-0.3944,1.67581407180592,-0.0868601142806,-0.2098483063126,-1.276684018,-0.098470746,186.832907935,2024,10,31,13,2,17.198731
39.99794686026,-83.03240363337,229,-0.4065,0.561137530275,0.00610177036202,-0.10636708183214,-1.229108884,-0.10090277,186.930884702,2024,10,31,13,2,17.254317
39.99794529208,-83.03240397112,229,-0.4087,-0.05853272778674,-0.24585894110084,0.0054978580058,-1.08002186,-0.105834392,187.283108301,2024,10,31,13,2,17.308493
39.99794350814,-83.03240434888,229,-0.3942,-0.27469604412234,-0.20573090011186,0.43206909148936,-1.001325229,-0.11321897,187.697719399,2024,10,31,13,2,17.366389
39.99794195044,-83.03240467144,229,-0.3887,-0.11779320155324,0.11196675885596,0.43261190726142,-0.965432524,-0.139581276,188.07577439,2024,10,31,13,2,17.425067
39.99794061801,-83.03240494792,229,-0.3921,0.216500512137,-0.42721695296892,0.15634469586522,-0.958826387,-0.184760987,188.399175109,2024,10,31,13,2,17.480548
39.99793951432,-83.0324051815,229,-0.3999,0.41480399238742,-0.50526067323666,0.1648118397242,-0.984114583,-0.211222973,188.674678143,2024,10,31,13,2,17.536237
39.9979386348,-83.03240537318,229,-0.4119,0.88827388014548,-0.43386297355052,-0.08547778534282,-1.007114947,-0.236576425,188.913713128,2024,10,31,13,2,17.590782
39.99793732127,-83.03240567274,229,-0.4344,0.39767513110502,-0.1159382170692,-0.0962436694907,-1.029856043,-0.270801278,189.311905913,2024,10,31,13,2,17.644855
39.99793623128,-83.03240593165,229,-0.4462,0.58874493213064,-0.2691083904492,-0.13316823193876,-1.051745328,-0.305305496,189.6743739,2024,10,31,13,2,17.70122
39.99793493018,-83.0324062578,229,-0.4761,1.09034468780966,-0.39814301026798,-0.1239980494062,-1.076627582,-0.355435274,190.122889291,2024,10,31,13,2,17.769472
39.99793321117,-83.03240672539,229,-0.5123,0.8423382469281,-0.37684782073542,-0.26873789273974,-1.085539399,-0.397974412,190.723914448,2024,10,31,13,2,17.824824
39.9979319312,-83.0324070943,229,-0.5344,0.9102894292194,-0.38222335264056,-0.13601693931752,-1.097149471,-0.425131517,191.203054902,2024,10,31,13,2,17.880043
39.99793087166,-83.03240741426,229,-0.5545,0.9498979596377,-0.42710520110282,-0.04043231212758,-1.092936592,-0.443123701,191.626351929,2024,10,31,13,2,17.936446
39.99792960793,-83.03240781651,229,-0.5832,0.96747904140024,-0.24231507301556,0.06618666306584,-1.067295398,-0.456678475,192.153393139,2024,10,31,13,2,17.993177
39.99792835108,-83.03240823472,229,-0.6026,0.72439115270182,-0.33197717616794,0.12131102678738,-1.053001566,-0.482208096,192.68105243,2024,10,31,13,2,18.049147
39.99792731203,-83.03240859619,229,-0.6264,1.0999792380448,-0.57072835445432,0.13504611479584,-1.048978411,-0.49274857,193.113440892,2024,10,31,13,2,18.106004
39.997926283,-83.03240896977,229,-0.6451,0.95629743739484,-0.7612263885705,-0.02394050340794,-1.026482533,-0.483872677,193.554052219,2024,10,31,13,2,18.162719
39.99792566946,-83.03240919761,229,-0.6506,0.64073125274582,-0.51672884487778,-0.13074677450796,-1.01379945,-0.465720621,193.830126373,2024,10,31,13,2,18.218434
39.99792465124,-83.03240958021,229,-0.6543,0.13188319729212,-0.4100099143526,-0.0371904373371,-1.016757918,-0.438830526,194.316272728,2024,10,31,13,2,18.276732
39.99792262858,-83.03241036562,229,-0.691,1.05400476460078,-0.17135683300736,-0.32740308927128,-1.084473049,-0.406405761,195.374201369,2024,10,31,13,2,18.33289
39.99792182624,-83.03241069525,229,-0.7194,1.41852963110178,-0.16105122706058,0.03107679799688,-1.09938987,-0.399341028,195.816534292,2024,10,31,13,2,18.389561
39.99792043248,-83.03241129566,229,-0.7491,0.79446811642444,-0.4822707696319,0.02558080366408,-1.103173012,-0.398499006,196.607854988,2024,10,31,13,2,18.445673
39.99791925184,-83.0324118297,229,-0.7779,0.64117173694072,-0.30872555821346,0.05010455928954,-1.142256842,-0.381153032,197.301263564,2024,10,31,13,2,18.502011
39.99791847245,-83.03241219984,229,-0.8055,1.38718632757668,-0.36916078252304,-0.0672245169364,-1.159023297,-0.363779155,197.774473928,2024,10,31,13,2,18.558215
39.99791712173,-83.03241287764,229,-0.8545,1.5845813919177,-0.2658905826859,0.12366258408292,-1.135084536,-0.347695355,198.630524087,2024,10,31,13,2,18.613645
39.99791597844,-83.03241348831,229,-0.8903,1.41593617775636,-0.46775353018468,0.06016744849316,-1.08149432,-0.342071518,199.37592132,2024,10,31,13,2,18.67161
39.99791485083,-83.03241411819,229,-0.9118,1.05443000533442,-0.65394863872668,-0.05801064903474,-1.028452288,-0.322608799,200.126437589,2024,10,31,13,2,18.731561
39.9979139217,-83.0324146551,229,-0.9295,0.9440301319047,-0.49144449646788,-0.05873743984386,-0.993603575,-0.295905099,200.757838401,2024,10,31,13,2,18.789545
39.9979128175,-83.03241531624,229,-0.9587,1.19521554927184,-0.38281660071708,-0.04501332359966,-0.948002535,-0.271052057,201.53397747,2024,10,31,13,2,18.845712
39.9979117262,-83.032415995,229,-0.9792,0.81455697802594,-0.35380176549166,-0.13285811890918,-0.888312332,-0.247349099,202.331217056,2024,10,31,13,2,18.903567
39.99791064477,-83.03241668516,229,-0.9919,0.26840490717392,-0.12700405600696,-0.11616720048946,-0.859925513,-0.22445711,203.144735362,2024,10,31,13,2,18.963108
39.9979095725,-83.0324173897,229,-1.0196,0.55046826212482,-0.05805031676088,-0.12406806118228,-0.860337016,-0.204766345,203.95355493,2024,10,31,13,2,19.022264
39.99790850953,-83.03241811386,229,-1.0491,1.19253882970176,-0.15650671294548,-0.15227736402468,-0.847692011,-0.193191739,204.75004352,2024,10,31,13,2,19.078469
39.99790763167,-83.0324187319,229,-1.0669,0.91396419230918,-0.33934671303732,-0.02038943893084,-0.825995346,-0.189289766,205.404956127,2024,10,31,13,2,19.135112
39.99790676047,-83.03241935291,229,-1.0644,0.27276871127224,-0.51606937478014,-0.03470401041664,-0.835634305,-0.171154834,206.060159953,2024,10,31,13,2,19.192148
39.99790658706,-83.03241947714,229,-1.064,0.2487327767997,-0.54932056228714,0.06509647948334,-0.845272818,-0.166153364,206.191715964,2024,10,31,13,2,19.248312
39.9979048713,-83.03242072438,229,-1.082,0.97737804556252,-0.27924443645562,0.24399683183784,-1.000446969,-0.092052839,207.559056259,2024,10,31,13,2,19.304184
39.99790369297,-83.0324216407,229,-1.1531,2.39584105769112,-0.06445386300642,0.19257627084606,-1.055147734,-0.075638982,208.601704363,2024,10,31,13,2,19.362841
39.99790303325,-83.03242219224,229,-1.1993,2.72824699892732,-0.24997311719424,0.1583965195104,-1.023545409,-0.085890192,209.214531154,2024,10,31,13,2,19.419908
39.99790190372,-83.03242319546,229,-1.2481,0.90481105180926,-0.21877879351262,-0.06446720080054,-0.933582854,-0.1048205,210.276795081,2024,10,31,13,2,19.476282
39.99790095625,-83.03242407981,229,-1.2722,1.32728114254122,-0.43095874598074,-0.10499251295188,-0.880013421,-0.10868566,211.163490415,2024,10,31,13,2,19.532719
39.99790017626,-83.03242482573,229,-1.2775,0.54593657456696,-0.32273195377432,0.0298528053451,-0.843015798,-0.115787924,211.900554904,2024,10,31,13,2,19.588146
39.99789924542,-83.03242572402,229,-1.2791,0.38649731796124,-0.38109026292886,0.16451922275614,-0.820284004,-0.128841318,212.807943944,2024,10,31,13,2,19.64469
39.99789847457,-83.0324264752,229,-1.2845,0.38654941683974,-0.24153897713148,-0.14683284328024,-0.816860263,-0.142887157,213.577538218,2024,10,31,13,2,19.700788
39.99789770973,-83.03242722935,229,-1.292,0.70341440620692,-0.42765297795456,-0.07474526029274,-0.847667676,-0.154352071,214.349277576,2024,10,31,13,2,19.757384
39.99789666312,-83.03242830379,229,-1.3293,2.76110425285808,-1.09175879513344,0.15437602303578,-0.882375047,-0.161889664,215.42159029,2024,10,31,13,2,19.813477
39.99789579541,-83.03242925144,229,-1.3628,1.6205927550174,-0.59789990667938,0.24276667584816,-0.867658092,-0.156047961,216.337522665,2024,10,31,13,2,19.870154
39.99789495133,-83.03243022219,229,-1.3939,1.4373964472609,-0.48551629999432,0.02329243154148,-0.829893149,-0.156528417,217.263215,2024,10,31,13,2,19.929113
39.9978942655,-83.03243104678,229,-1.4219,0.97279745948968,-0.314727893627,-0.01369074698472,-0.777428102,-0.15774813,218.040562438,2024,10,31,13,2,19.986927
39.99789346636,-83.0324320518,229,-1.4412,1.61177676382782,-0.83423124394224,0.0018112157762,-0.665703994,-0.142673678,218.962633202,2024,10,31,13,2,20.045458
39.99789268358,-83.03243306101,229,-1.4349,0.09125174045066,-0.20472785237408,-0.0246534622655,-0.574448396,-0.109909069,219.884278419,2024,10,31,13,2,20.102917
39.99789190344,-83.03243406973,229,-1.4377,0.18633538190528,0.03320454662906,-0.22762266385404,-0.570015381,-0.093384043,220.797402737,2024,10,31,13,2,20.15999
39.99789164375,-83.03243440711,229,-1.4416,0.23927966625424,0.12304233750702,-0.33533623936002,-0.570080771,-0.092865771,221.097934307,2024,10,31,13,2,20.218615
39.99789086726,-83.03243542567,229,-1.4535,0.29028190576642,0.13243625655644,-0.05763409521848,-0.578648139,-0.111011661,221.984281471,2024,10,31,13,2,20.278635
39.99788971335,-83.03243695506,229,-1.4491,0.52461672308622,-0.71641738959842,0.10113658247334,-0.639646673,-0.161136297,223.282188482,2024,10,31,13,2,20.334878
39.99788933582,-83.03243746589,229,-1.4558,0.44180884102142,-0.26281048880544,0.22771311391704,-0.674738559,-0.172758495,223.702241136,2024,10,31,13,2,20.392607
39.99788835669,-83.03243884136,229,-1.4815,1.46721581001876,-0.59204198557308,-0.05456008015978,-0.766995298,-0.172460875,224.804194839,2024,10,31,13,2,20.451657
39.99788754003,-83.0324400736,229,-1.5238,2.38921956587422,-0.59207841594822,-0.0568108589604,-0.781000396,-0.155198961,225.765001713,2024,10,31,13,2,20.508985
39.99788687181,-83.03244115382,229,-1.555,2.23922924766874,-0.45056314972414,-0.30211406941438,-0.690112091,-0.129446751,226.58388843,2024,10,31,13,2,20.566478
39.99788622539,-83.03244225066,229,-1.5737,1.64034567317098,-0.20077202626294,-0.08716227932744,-0.556313946,-0.098179239,227.375598124,2024,10,31,13,2,20.626625
39.99788569615,-83.03244317225,229,-1.5798,0.6748155729735,-0.08308062493642,0.02636174969604,-0.460288961,-0.078642063,228.011561992,2024,10,31,13,2,20.683587
39.99788516818,-83.03244409384,229,-1.5724,-0.13761120821242,-0.12997547838126,0.12087018016624,-0.397137351,-0.078035222,228.645020003,2024,10,31,13,2,20.742686
39.99788442362,-83.0324453725,229,-1.5497,-0.73605555336602,-0.23035834562902,0.10707570060524,-0.384056978,-0.080257676,229.549907805,2024,10,31,13,2,20.803058
39.99788378272,-83.03244646171,229,-1.548,0.01761862644706,-0.21279761740976,0.18908071806426,-0.429891745,-0.091802765,230.339987144,2024,10,31,13,2,20.859944
39.99788315333,-83.03244755454,229,-1.5623,1.32220207545316,-0.43690728928372,0.01741497423082,-0.48788671,-0.094789255,231.112142607,2024,10,31,13,2,20.918613
39.99788264547,-83.03244847419,229,-1.5798,0.8301754902482,-0.18468665645324,0.0260311534109,-0.517741947,-0.085588155,231.738682506,2024,10,31,13,2,20.976084
39.99788206304,-83.03244959443,229,-1.6093,2.21755830838076,-0.45124528350126,0.49817178885924,-0.50960163,-0.087487617,232.483106563,2024,10,31,13,2,21.033375
39.99788151248,-83.03245073457,229,-1.6357,2.00364065837244,-0.43105671316806,0.58788492070198,-0.428858825,-0.114892201,233.235392238,2024,10,31,13,2,21.09269
39.99788107586,-83.03245169464,229,-1.6456,1.59726676964026,-0.6227398344548,0.3198100216259,-0.311849083,-0.143888902,233.871951568,2024,10,31,13,2,21.150531
39.99788073741,-83.03245246542,229,-1.6484,1.10800523922004,-0.52093292640462,-0.11147594572514,-0.206253493,-0.15846278,234.378432997,2024,10,31,13,2,21.209527
39.9978804043,-83.03245323533,229,-1.6421,0.40989199043452,-0.51638636257126,-0.28479665995034,-0.105769461,-0.168151586,234.882588872,2024,10,31,13,2,21.266111
39.99787973885,-83.03245475934,229,-1.6107,-0.81041802283048,-0.40989961777548,-0.68846395319174,-0.001145515,-0.164636836,235.889017347,2024,10,31,13,2,21.322462
39.99787923585,-83.03245588972,229,-1.593,-0.67305659882274,-0.35125619982708,-0.54443463435688,-0.021956935,-0.139576312,236.64505232,2024,10,31,13,2,21.378838
39.99787865598,-83.03245719981,229,-1.5899,0.69460509380262,-0.46988003520968,-0.01872876460066,-0.074973653,-0.090048103,237.519897496,2024,10,31,13,2,21.43714
39.99787817382,-83.03245832476,229,-1.5998,1.28377846573666,-0.36232857330398,0.29153524144266,-0.108842678,-0.048290715,238.25986502,2024,10,31,13,2,21.493698
39.99787771138,-83.03245945872,229,-1.6146,1.32190801046076,-0.21212505001884,0.36092433371778,-0.131612358,-0.024486882,238.984944587,2024,10,31,13,2,21.553237
39.99787726886,-83.03246060341,229,-1.6291,1.21639666734814,-0.25119233015684,0.24780077092058,-0.136796456,-0.021756919,239.708467165,2024,10,31,13,2,21.611022
39.99787684595,-83.03246175459,229,-1.6359,1.10880904565698,-0.35343917470352,0.071766843487,-0.11120817,-0.025689937,240.437943078,2024,10,31,13,2,21.670282
39.99787643901,-83.03246290714,229,-1.6343,0.7388836460969,-0.40027856837524,-0.11053081117804,-0.06316816,-0.019539067,241.165055096,2024,10,31,13,2,21.727783
39.9978761083,-83.03246386701,229,-1.6335,0.49093542570394,-0.26708147030844,-0.19290071424282,-0.03149637,-0.011772733,241.761286712,2024,10,31,13,2,21.78501
39.99787572087,-83.03246502032,229,-1.6372,0.66522412481798,-0.25415372775094,-0.25273181677794,-0.006861358,-0.004212893,242.462379387,2024,10,31,13,2,21.845065
39.99787534699,-83.03246617424,229,-1.636,0.68250268313582,-0.4313257972423,-0.34832350059472,0.031948078,0.011947401,243.155150524,2024,10,31,13,2,21.90244
39.9978750444,-83.03246713266,229,-1.6293,0.48788207998188,-0.463896821777,-0.13964753826478,0.059833466,0.043067718,243.735758286,2024,10,31,13,2,21.958094
39.99787463167,-83.03246847335,229,-1.6342,0.50728048720922,-0.17508980471082,0.08088724029072,0.071842518,0.088380272,244.558007939,2024,10,31,13,2,22.016598
39.99787428664,-83.03246963175,229,-1.6549,0.946798756433,0.42636394215104,0.16850926060502,0.07455067,0.136593429,245.278255098,2024,10,31,13,2,22.077464
39.99787400854,-83.0324706114,229,-1.6787,0.61098681836522,0.1963035661702,0.22084182230552,0.108322889,0.144212883,245.869760581,2024,10,31,13,2,22.135267
39.99787373927,-83.03247160402,229,-1.7002,0.93592002620124,0.44796152118766,0.17856264153054,0.156118437,0.139084755,246.440426969,2024,10,31,13,2,22.19298
39.99787368611,-83.03247180347,229,-1.7017,0.82370793079382,0.35388365474766,0.25997913406178,0.16630362,0.130113592,246.55293714,2024,10,31,13,2,22.249391
39.99787320873,-83.03247360347,229,-1.7039,-0.04397183807506,-0.08199717402956,0.34744393979908,0.170718036,0.087031825,247.548350136,2024,10,31,13,2,22.310031
39.99787283841,-83.03247500453,229,-1.7099,0.49425027863704,-0.03950820075542,0.20045065626378,0.120838537,0.067271653,248.339479977,2024,10,31,13,2,22.367322
39.99787247865,-83.03247641428,229,-1.7296,0.7793590601396,0.27206997957512,0.11306600162076,0.105347121,0.050557862,249.147307429,2024,10,31,13,2,22.426353
39.99787217988,-83.03247763536,229,-1.7462,0.62781576045516,0.30623527916558,-0.2338336671982,0.085443773,0.020822201,249.834855939,2024,10,31,13,2,22.483174
39.9978718906,-83.0324788647,229,-1.7572,0.83929178764708,0.17963398661364,-0.35717907077958,0.02443925,-0.006888062,250.505366226,2024,10,31,13,2,22.543535
39.9978716145,-83.03248009949,229,-1.7627,1.05183436218212,-0.05655003073008,-0.32700727876944,-0.030763011,-0.013400998,251.172156743,2024,10,31,13,2,22.604286
39.99787135281,-83.03248133934,229,-1.7686,0.88503891784298,-0.0581502515499,0.01156750243876,-0.044650589,0.000966162,251.849045443,2024,10,31,13,2,22.662452
39.99787110297,-83.03248258551,229,-1.7789,0.67304047674646,0.11272331318634,0.08579440390952,-0.042619856,0.021528139,252.534559107,2024,10,31,13,2,22.720563
39.99787086519,-83.03248384254,229,-1.7983,0.91161099091032,0.3065373551307,0.46508537302658,-0.045498919,0.026774539,253.208476882,2024,10,31,13,2,22.778338
39.99787067873,-83.03248490137,229,-1.8186,0.61687549286008,0.21745502369164,0.1132391221314,-0.038027364,0.010963629,253.756935134,2024,10,31,13,2,22.835974
39.99787046833,-83.03248618368,229,-1.834,0.96217692035438,0.2814051328355,0.08740782289172,-0.007139272,-0.02645609,254.404929545,2024,10,31,13,2,22.893089
39.99787033433,-83.03248704284,229,-1.8376,0.6166689606424,0.07344851075574,0.17700780773286,0.026544696,-0.056590214,254.836958472,2024,10,31,13,2,22.95078
39.99787014001,-83.03248833504,229,-1.8416,0.399638421164,-0.00267615921572,-0.06618451175742,0.066918359,-0.091774326,255.485042681,2024,10,31,13,2,23.008413
39.99786988997,-83.03249006133,229,-1.8459,0.4335793318375,0.01108035831162,-0.08294616183936,0.089470168,-0.115099105,256.346744081,2024,10,31,13,2,23.066587
39.99786974278,-83.03249114419,229,-1.854,0.83262887769182,0.09855897090632,-0.0846569447478,0.103361163,-0.125398205,256.878732209,2024,10,31,13,2,23.12258
39.99786957947,-83.03249245058,229,-1.867,1.51766948433226,0.36416945499626,0.09444840397952,0.147119482,-0.138941053,257.50991157,2024,10,31,13,2,23.180395
39.99786955395,-83.03249266925,229,-1.869,0.49864617555934,0.10497396397966,0.079977395721,0.155494663,-0.143306228,257.615226141,2024,10,31,13,2,23.237856
39.99786933269,-83.0324946473,229,-1.8839,0.40757569363274,0.14607466614316,0.10433514330114,0.219649492,-0.194794176,258.558681156,2024,10,31,13,2,23.295294
39.99786919457,-83.03249596928,229,-1.8865,0.5785477669088,-0.04188045223196,-0.12216996007082,0.238132451,-0.228307996,259.182566786,2024,10,31,13,2,23.356387
39.99786908661,-83.03249707131,229,-1.8893,0.64721456834944,-0.00371601627148,-0.32100762443184,0.257833592,-0.236600112,259.69372497,2024,10,31,13,2,23.418
39.99786892201,-83.03249883799,229,-1.8961,0.14417985497796,0.21841732856524,-0.00233910272884,0.279161681,-0.228660616,260.49536545,2024,10,31,13,2,23.476528
39.99786880329,-83.03250017238,229,-1.9119,0.4490526389789,0.42552563621036,-0.1157213797433,0.272723198,-0.231901419,261.085974823,2024,10,31,13,2,23.533779
39.99786869539,-83.03250151521,229,-1.9214,0.95122035726546,0.16476124881294,-0.41285076267076,0.273115995,-0.238995373,261.663425166,2024,10,31,13,2,23.594486
39.99786860184,-83.03250286144,229,-1.9232,0.43595717110792,0.00891969502652,-0.01995088660482,0.289094908,-0.226852285,262.22303568,2024,10,31,13,2,23.656557
39.99786851575,-83.03250421072,229,-1.9294,0.29021048177238,0.21940335700584,0.14892720067188,0.29851022,-0.20187534,262.779209462,2024,10,31,13,2,23.716422
39.99786843256,-83.03250556768,229,-1.9418,0.28699043246568,0.33364998626378,0.31139901778038,0.286744893,-0.195109976,263.331421735,2024,10,31,13,2,23.774057
39.99786835529,-83.03250693176,229,-1.9497,0.41045298155676,0.16042591933818,0.15018265406332,0.286584404,-0.198111495,263.868974293,2024,10,31,13,2,23.83264
39.99786828613,-83.03250829928,229,-1.9536,0.43220694207676,0.10086886221422,-0.08718178889866,0.299036895,-0.18281536,264.377097837,2024,10,31,13,2,23.890401
39.99786824261,-83.0325092129,229,-1.9574,0.06675553668022,0.19269405022268,-0.11134879622062,0.291693726,-0.161593027,264.697920918,2024,10,31,13,2,23.946982
39.99786815917,-83.03251105022,229,-1.975,0.43507497055622,0.44641746607688,-0.0672257479711,0.237652232,-0.139528851,265.310226447,2024,10,31,13,2,24.008837
39.99786811311,-83.03251220583,229,-1.9824,1.11617950515878,0.37542759884682,0.08108963527094,0.212129968,-0.139319864,265.680359652,2024,10,31,13,2,24.065953
39.99786806715,-83.0325135974,229,-1.9872,0.58339046424748,0.12746270173582,0.2512814101798,0.209372475,-0.136842656,266.116203765,2024,10,31,13,2,24.125332
39.99786802596,-83.03251499439,229,-1.9967,0.08421057077442,0.26500863382946,0.13813116842088,0.20484002,-0.13762653,266.541566699,2024,10,31,13,2,24.183596
39.99786801901,-83.03251522788,229,-1.9987,-0.06487294841422,0.30904157104484,0.14728919128636,0.202111133,-0.138396799,266.610868314,2024,10,31,13,2,24.244155
39.99786795442,-83.0325175737,229,-2.0167,0.46327398580676,0.3543093886733,-0.2097563127832,0.111889904,-0.161128254,267.26793016,2024,10,31,13,2,24.301954
39.99786792665,-83.03251898985,229,-2.0214,0.6979258082996,0.10603165034418,-0.07053101755688,0.102419502,-0.179735673,267.621188145,2024,10,31,13,2,24.359939
39.99786790367,-83.03252064549,229,-2.025,0.14273797698716,0.11801906627254,0.07169460915996,0.104388067,-0.186894604,268.01367256,2024,10,31,13,2,24.417096
39.99786789058,-83.03252183047,229,-2.0289,0.40269498928958,0.13559594322246,0.06992975539352,0.083303497,-0.187717549,268.292524779,2024,10,31,13,2,24.475179
39.99786788269,-83.03252325717,229,-2.0371,0.2029069291572,0.10628730005594,-0.08583603067524,0.071278547,-0.191446397,268.626512887,2024,10,31,13,2,24.531823
39.99786788225,-83.03252444956,229,-2.0419,0.47825489555554,0.16284804014634,-0.27083783867312,0.078338528,-0.191552989,268.892526063,2024,10,31,13,2,24.5894
39.99786789005,-83.03252612296,229,-2.0472,0.32211491429768,0.11431703533576,-0.19159730894518,0.11058119,-0.177587386,269.228358489,2024,10,31,13,2,24.651145
39.99786789786,-83.03252708068,229,-2.049,0.23375584081538,0.10627012813578,-0.07815095360552,0.127489819,-0.159746944,269.397358473,2024,10,31,13,2,24.708496
39.9978679135,-83.03252876181,229,-2.0599,0.0752642571059,0.35013290700796,-0.0358485193051,0.147246293,-0.128126499,269.674398753,2024,10,31,13,2,24.76607
39.99786792593,-83.03253021074,229,-2.0705,-0.1700303098427,0.33423917703936,-0.00926548226724,0.145525524,-0.110616141,269.909654246,2024,10,31,13,2,24.823963
39.99786793504,-83.03253166637,229,-2.0798,0.02979323250382,0.32839348940542,0.09586080019626,0.126087947,-0.099850684,270.145149697,2024,10,31,13,2,24.882356
39.99786794579,-83.03253312868,229,-2.089,0.13667130928822,0.2968387129303,0.22119147235502,0.112536306,-0.09592625,270.363420741,2024,10,31,13,2,24.941752
39.99786795694,-83.03253435091,229,-2.0926,0.18142453289236,0.1451837568815,0.11386348929902,0.100691629,-0.092910202,270.529664224,2024,10,31,13,2,24.999191
39.99786797676,-83.03253606472,229,-2.0982,0.25231237745828,0.37179215622636,0.19864865644238,0.079538208,-0.076738707,270.749733538,2024,10,31,13,2,25.057715
39.99786799963,-83.03253754163,229,-2.1114,0.18006862855092,0.43109652945774,0.25018260264228,0.06129261,-0.081694053,270.941601597,2024,10,31,13,2,25.116387
39.99786802429,-83.03253877865,229,-2.1195,0.62362425975516,0.29372550404122,0.08048115084124,0.058373985,-0.106393271,271.101414051,2024,10,31,13,2,25.173311
39.99786803033,-83.03253902646,229,-2.1201,0.76249215542422,0.24419721784986,0.1505533275964,0.058700513,-0.111517378,271.133129393,2024,10,31,13,2,25.228441
39.99786806666,-83.03254051346,229,-2.1202,0.16446198673578,0.02171781985636,0.00177460579846,0.07156835,-0.13325591,271.318750656,2024,10,31,13,2,25.286273
39.99786809565,-83.0325417545,229,-2.1247,-0.10229521973194,0.15677216008522,-0.17630235922048,0.063288225,-0.139374082,271.468799463,2024,10,31,13,2,25.34545
39.99786812245,-83.0325429981,229,-2.1308,0.25010907096968,0.2519700830507,-0.1251612912256,0.043789543,-0.143527917,271.611923934,2024,10,31,13,2,25.403657
39.99786819492,-83.03254600137,229,-2.143,-0.08062653466154,-0.09568010006638,-0.08424949109748,0.021248104,-0.174958409,271.944131262,2024,10,31,13,2,25.463325
39.99786823256,-83.03254750492,229,-2.1461,0.08776164283548,0.14782369157904,-0.1271097747583,-0.010222353,-0.159308543,272.113200964,2024,10,31,13,2,25.521141
39.99786827613,-83.03254901593,229,-2.1627,0.14961400028602,0.57601076534382,0.0292301165551,-0.020344613,-0.150430811,272.275047455,2024,10,31,13,2,25.578039
39.99786831748,-83.03255028345,229,-2.1757,0.21501911183492,0.55430137753122,-0.03824738179222,-0.020462957,-0.160893777,272.392632399,2024,10,31,13,2,25.634793
39.99786836154,-83.03255155684,229,-2.1832,0.05893634212616,0.48861707552216,-0.09802781546122,-0.017196579,-0.181901476,272.488998188,2024,10,31,13,2,25.69312
39.99786841659,-83.03255308874,229,-2.1848,-0.10374651831216,0.03984119848376,-0.05788733949248,-0.013924213,-0.19669675,272.594666097,2024,10,31,13,2,25.751386
39.9978684785,-83.0325548769,229,-2.186,-0.00163375788816,0.0322268626424,0.00801427553362,-0.015871464,-0.186604841,272.722111745,2024,10,31,13,2,25.809678
39.99786852365,-83.0325561578,229,-2.196,0.21622920916518,0.38435707693708,0.14253362025002,-0.008789197,-0.174054377,272.812956736,2024,10,31,13,2,25.868074
39.99786858246,-83.03255770228,229,-2.2069,0.47592521713584,0.33333786753574,0.2277727848156,0.016825152,-0.179018066,272.902934222,2024,10,31,13,2,25.92497
39.99786864719,-83.0325592554,229,-2.2217,0.036381750279,0.49275188662128,-0.05169509077074,0.052039291,-0.199049903,272.967359251,2024,10,31,13,2,25.984478
39.99786871279,-83.03256081829,229,-2.2337,-0.19892893354022,0.3339866405516,-0.16433511534588,0.067350511,-0.235930049,273.025191301,2024,10,31,13,2,26.041964
39.99786877389,-83.03256238584,229,-2.2365,-0.43869740418702,0.08906137663368,-0.20541172511214,0.066366371,-0.266794028,273.092110441,2024,10,31,13,2,26.101292
39.99786881222,-83.03256343118,229,-2.2357,-0.28961979099772,-0.03398568215828,0.00888713195072,0.061989896,-0.271918705,273.136712748,2024,10,31,13,2,26.158783
39.99786884995,-83.03256447744,229,-2.2383,-0.2348553135322,0.1086647670978,-0.04610275311308,0.062086546,-0.276448242,273.178437157,2024,10,31,13,2,26.215694
39.99786890195,-83.03256605284,229,-2.2548,-0.25357040355152,0.85544907853406,0.08187863717586,0.039901409,-0.278519639,273.226169699,2024,10,31,13,2,26.272124
39.99786898611,-83.03256843119,229,-2.2715,0.45951506091436,0.24889225959712,0.02310621581184,0.001838521,-0.326351314,273.273372091,2024,10,31,13,2,26.330364
39.9978690086,-83.03256895866,229,-2.2712,0.57277003358554,0.1609892195485,-0.04001284495912,0.003330347,-0.332480908,273.283206029,2024,10,31,13,2,26.387942
39.99786911824,-83.03257133505,229,-2.2757,0.21698722448694,0.2024280008364,-0.08929951266452,0.048813088,-0.355942085,273.339246591,2024,10,31,13,2,26.445909
39.99786919439,-83.03257292481,229,-2.285,-0.10528091794312,0.33805485820294,-0.03012402718868,0.074434397,-0.362510861,273.377416811,2024,10,31,13,2,26.503336
39.99786927117,-83.03257452221,229,-2.2958,0.1507549859424,0.3630259475987,-0.00692897623728,0.093140696,-0.380149539,273.4025158,2024,10,31,13,2,26.562185
39.99786934595,-83.03257612617,229,-2.3027,-0.47658100522244,0.17598908856708,-0.22504907281746,0.118301659,-0.396226603,273.422706025,2024,10,31,13,2,26.621721
39.99786941165,-83.03257773411,229,-2.3086,-0.80116647517374,0.21407023939506,0.10559003226112,0.100672128,-0.401800509,273.447197318,2024,10,31,13,2,26.680899
39.99786946325,-83.03257907785,229,-2.3111,-0.03786769555466,0.09536177946724,-0.04437010323374,0.069405651,-0.396979024,273.468061723,2024,10,31,13,2,26.742203
39.9978695364,-83.03258095837,229,-2.3105,-0.03972359060714,0.04593002007132,-0.02571410690978,0.039690991,-0.364956656,273.494502016,2024,10,31,13,2,26.800442
39.99786959834,-83.03258257504,229,-2.3234,0.08099873002624,0.48883149219364,-0.03951958883114,0.005839379,-0.328088261,273.519268131,2024,10,31,13,2,26.859429
39.99786966416,-83.03258420393,229,-2.345,0.34695420523434,1.08169835923124,-0.0007439855304,-0.022157785,-0.32507476,273.544795297,2024,10,31,13,2,26.919036
39.9978697352,-83.03258584895,229,-2.3641,0.43841016961182,0.62320264484178,0.09683587658744,-0.037572281,-0.36028242,273.569534249,2024,10,31,13,2,26.977386
39.99786980178,-83.03258722594,229,-2.3694,0.54442380295938,0.26676165795976,0.00364274721054,-0.024867004,-0.403824408,273.583817418,2024,10,31,13,2,27.036597
39.99786990083,-83.03258915514,229,-2.3679,0.04462192038444,0.0035922846453,0.08690837555782,0.022818742,-0.44151947,273.606633069,2024,10,31,13,2,27.098287
39.99786997054,-83.03259053441,229,-2.3712,-0.35544550824526,0.10489982718998,-0.23793662898968,0.039810652,-0.447089786,273.625744343,2024,10,31,13,2,27.158378
39.99787001018,-83.03259136308,229,-2.3738,-0.44874376964332,0.13489244551284,-0.15601898803366,0.032705315,-0.440947698,273.63753875,2024,10,31,13,2,27.215554
39.99787008401,-83.03259302573,229,-2.386,-0.65659203632838,0.38265941468112,-0.04196184919256,0.000188223,-0.433731742,273.663162325,2024,10,31,13,2,27.274034
39.99787019192,-83.03259554401,229,-2.4156,0.39658788376686,0.61921651452984,0.1519204299931,-0.027040781,-0.464140708,273.698590217,2024,10,31,13,2,27.332544
39.99787025326,-83.03259695633,229,-2.4232,0.3695410548727,0.399685986712,-0.04318093139348,-0.010125299,-0.499359035,273.714841026,2024,10,31,13,2,27.39435
39.99787034317,-83.03259893976,229,-2.4277,0.06722179036862,0.00778512900242,-0.1042875174,0.002589855,-0.529548091,273.7365426,2024,10,31,13,2,27.453137
39.99787042745,-83.03260064095,229,-2.4302,0.54008400147526,0.15033652879584,-0.02210337052424,0.01931047,-0.524077623,273.754320179,2024,10,31,13,2,27.511299
39.99787052409,-83.03260234966,229,-2.4472,0.78070959338014,0.61449916081024,0.21031419115378,0.088607358,-0.52013502,273.774272274,2024,10,31,13,2,27.569365
39.99787062611,-83.03260406683,229,-2.4553,-0.01668478588352,0.26888793511954,-0.00740684533168,0.190868961,-0.529604206,273.802619352,2024,10,31,13,2,27.627513
39.99787070695,-83.03260550145,229,-2.4605,-0.36591386142542,0.24114236013224,0.10443708142068,0.24843599,-0.525807537,273.825449465,2024,10,31,13,2,27.685541
39.99787079666,-83.03260722915,229,-2.4722,-0.460063081084,0.4023224689706,0.13381257300484,0.275313466,-0.517458932,273.846341081,2024,10,31,13,2,27.743446
39.99787089093,-83.03260925878,229,-2.4914,-0.5025677468818,0.46597487252028,0.19205701977196,0.27769413,-0.529772888,273.860886414,2024,10,31,13,2,27.806585
39.99787094597,-83.03261071685,229,-2.5017,-0.88996706703712,0.34317092580346,0.20414359249296,0.237361009,-0.549566316,273.865382581,2024,10,31,13,2,27.865587
39.997871001,-83.0326124725,229,-2.5102,-0.95051659944302,0.38219507036506,0.24654761938068,0.148781382,-0.572960794,273.869033977,2024,10,31,13,2,27.926087
39.99787105181,-83.03261423511,229,-2.5191,0.0128694700258,0.31379431802946,-0.08095259446616,0.048951019,-0.591498375,273.875674676,2024,10,31,13,2,27.9857
39.99787112258,-83.03261629653,229,-2.5231,0.79070046630896,0.17115722297688,-0.31057509593724,-0.017255419,-0.605683338,273.8784133,2024,10,31,13,2,28.048585
39.99787119927,-83.03261806389,229,-2.5208,1.06999872575778,0.0292479023337,-0.22436122481998,-0.020965961,-0.594839728,273.87538368,2024,10,31,13,2,28.111385
39.99787128606,-83.03261983211,229,-2.5247,0.1733031946701,0.101036064274,0.0156975676776,0.00008344,-0.56263496,273.873541698,2024,10,31,13,2,28.17151
39.99787130064,-83.03262012742,229,-2.5272,0.14224396824164,0.27681710243108,-0.0483900512652,-0.001040021,-0.557141707,273.87320205,2024,10,31,13,2,28.230036
39.99787141622,-83.03262250218,229,-2.553,-0.23242768621026,0.608250487058,-0.19101614133516,0.009296254,-0.533341787,273.875439057,2024,10,31,13,2,28.288674
39.99787152525,-83.03262489191,229,-2.5596,-0.6247017718696,0.0761348045249,-0.06432938034578,0.006151049,-0.527596703,273.874186145,2024,10,31,13,2,28.34697
39.99787160185,-83.03262668695,229,-2.5623,-0.16583376325982,0.07459910149896,-0.12464373879354,-0.011148617,-0.489690667,273.867510986,2024,10,31,13,2,28.407658
39.99787169323,-83.0326287908,229,-2.5811,0.0389703690601,0.84363607158178,-0.40161439779046,-0.020646039,-0.440388574,273.853832865,2024,10,31,13,2,28.467109
39.99787176135,-83.03263030295,229,-2.5947,0.09496553977682,0.57198999079,0.09828664254396,-0.029578275,-0.419715995,273.843441936,2024,10,31,13,2,28.525375
39.9978718505,-83.03263212927,229,-2.6136,0.59811322189202,0.6699200468921,0.0709496862624,-0.010814593,-0.421084432,273.828818031,2024,10,31,13,2,28.583537
39.99787196406,-83.03263427324,229,-2.6261,0.1726823581259,0.28536981011212,0.16397758636198,0.049058087,-0.440840903,273.798970095,2024,10,31,13,2,28.646188
39.99787205802,-83.03263611984,229,-2.6382,-0.48369061130274,0.36438440778886,0.30840353824812,0.073990379,-0.460416111,273.773898577,2024,10,31,13,2,28.706385
39.99787211705,-83.03263735417,229,-2.6424,-0.3501709165158,0.2266444439418,0.335702434281,0.081688288,-0.473857122,273.763481206,2024,10,31,13,2,28.765085
39.99787221656,-83.03263951942,229,-2.6514,-0.4964873025524,0.29103005945282,-0.1080199555871,0.096786833,-0.481003532,273.745023871,2024,10,31,13,2,28.822405
39.99787229143,-83.03264138352,229,-2.6638,-0.94715394157724,0.3611938868377,-0.07224413284334,0.070201228,-0.487260293,273.731886003,2024,10,31,13,2,28.880927
39.99787234966,-83.03264294254,229,-2.6705,-0.05069732116224,0.27645858285102,-0.20506368040456,0.02270859,-0.493030355,273.719946799,2024,10,31,13,2,28.938122
39.99787242684,-83.0326448189,229,-2.68,0.5359178182258,0.38388386253302,-0.24105044072222,0.01663825,-0.497417331,273.702554725,2024,10,31,13,2,28.994789
39.99787251208,-83.03264669935,229,-2.6824,0.351498165082,0.13442484589774,-0.08680319275872,0.04658563,-0.49583101,273.681062476,2024,10,31,13,2,29.052993
39.99787259909,-83.03264858408,229,-2.6915,-0.04526109722962,0.32740322851046,0.29399089144086,0.057853808,-0.48547697,273.653952003,2024,10,31,13,2,29.111319
39.99787268234,-83.03265047655,229,-2.7019,-0.32221334580196,0.27649871349144,0.16641288200506,0.037926278,-0.484797226,273.628954121,2024,10,31,13,2,29.17419
39.9978726956,-83.03265079249,229,-2.7031,-0.3857877797295,0.24873151729992,0.2128912144499,0.033950841,-0.484616925,273.625349724,2024,10,31,13,2,29.233883
39.99787280669,-83.03265332301,229,-2.7061,0.1894032081622,0.02022443912206,-0.05097542762336,0.051430515,-0.471925337,273.601161452,2024,10,31,13,2,29.296574
39.99787293293,-83.03265618671,229,-2.7342,-0.33027909758912,0.72334671236834,0.00494125195202,0.0974053,-0.458022117,273.57429454,2024,10,31,13,2,29.355936
39.99787298941,-83.03265747071,229,-2.7455,0.03499586514922,0.56985607391608,-0.01098685045718,0.097044598,-0.482501158,273.559925676,2024,10,31,13,2,29.419254
39.99787312561,-83.03266036308,229,-2.7419,0.70712338826474,-0.04457225105512,-0.03465397087572,0.140828884,-0.503360375,273.521138159,2024,10,31,13,2,29.477685
39.99787320452,-83.03266197119,229,-2.7471,-0.2985722912739,0.13782998784184,0.04005297015942,0.195028471,-0.493927139,273.504389005,2024,10,31,13,2,29.536868
39.99787329048,-83.03266390705,229,-2.7599,-0.2823335746385,0.40300294045402,-0.43893272434862,0.198777313,-0.467104844,273.486161346,2024,10,31,13,2,29.596858
39.99787338592,-83.03266617547,229,-2.7741,-0.07084945320882,0.47387987579032,-0.18193384612524,0.191413248,-0.444329965,273.468033213,2024,10,31,13,2,29.657531
39.99787345154,-83.0326678033,229,-2.785,-0.46598622498604,0.43460183225906,-0.0828372089965,0.192965022,-0.430472873,273.455489988,2024,10,31,13,2,29.716449
39.99787352633,-83.03266976822,229,-2.8055,-0.20626218777442,0.67094707701626,0.164258973008,0.174649197,-0.43523558,273.440068793,2024,10,31,13,2,29.775236
39.99787360345,-83.03267174789,229,-2.8275,-0.16302101398888,0.7106323339168,-0.20862229388578,0.16312457,-0.460661855,273.423892389,2024,10,31,13,2,29.83312
39.99787368089,-83.03267374154,229,-2.8439,0.10657105243828,0.49023665782978,0.02981273470186,0.141701648,-0.509390124,273.413213634,2024,10,31,13,2,29.893124
39.99787376696,-83.03267573639,229,-2.8357,0.95473406050624,-0.16687079476186,-0.21009962097792,0.149790548,-0.529525319,273.396425823,2024,10,31,13,2,29.957074
39.99787386756,-83.03267772845,229,-2.8367,0.52243267697372,0.14868767495218,0.20213414820262,0.220736751,-0.506768784,273.369528536,2024,10,31,13,2,30.015322
39.99787398707,-83.03268007088,229,-2.8761,-1.02485030888438,1.12830901302644,0.1149878299547,0.313201689,-0.513148291,273.359263847,2024,10,31,13,2,30.078101
39.99787405523,-83.03268176,229,-2.8908,-1.54304000168944,0.65291144436286,0.3599557703664,0.285233026,-0.56753834,273.359691354,2024,10,31,13,2,30.138116
39.9978741112,-83.03268345123,229,-2.8878,-0.50882135213692,-0.07318494289394,0.21686049020566,0.208105997,-0.605841107,273.350456873,2024,10,31,13,2,30.197224
39.99787412197,-83.03268378915,229,-2.8857,-0.35990367994418,-0.1694975084825,0.19471418497906,0.19671633,-0.611879705,273.347715664,2024,10,31,13,2,30.255541
39.99787413275,-83.03268412717,229,-2.8851,-0.21421743465356,-0.17681742274614,0.33590191665512,0.189580918,-0.615337962,273.344101347,2024,10,31,13,2,30.314056
39.99787417531,-83.03268547743,229,-2.8787,-0.2947597354471,-0.3262670701504,0.25293881209688,0.159828511,-0.624408474,273.323300247,2024,10,31,13,2,30.374308
39.99787425055,-83.03268816293,229,-2.8617,-0.49840444335212,-0.15636864826518,-0.07906432764292,0.05969749,-0.565792898,273.281444224,2024,10,31,13,2,30.433596
39.99787435385,-83.03269186371,229,-2.8923,0.94295824278274,0.64736722711714,-0.30105007459008,-0.117724998,-0.48723659,273.253819745,2024,10,31,13,2,30.4944
39.9978744876,-83.03269525304,229,-2.9007,0.43095253459056,0.00294344228098,-0.36087010341502,-0.075790451,-0.524629392,273.218361637,2024,10,31,13,2,30.555823
39.99787462461,-83.03269830152,229,-2.8946,0.07209036299764,-0.08009552032112,-0.15653227849704,0.002443146,-0.527924066,273.175813615,2024,10,31,13,2,30.619785
39.99787471646,-83.03270033401,229,-2.8978,-0.11187089038282,0.101493528658,-0.0753899281525,0.056185376,-0.519941721,273.159738867,2024,10,31,13,2,30.681173
39.99787479443,-83.03270202901,229,-2.8986,0.10382425438784,0.01488743023424,-0.38097635357428,0.118746192,-0.508247891,273.149968119,2024,10,31,13,2,30.739882
39.99787490041,-83.03270440308,229,-2.9003,-0.37179222798988,0.0160980935971,-0.19883116696078,0.201401915,-0.471866274,273.129304373,2024,10,31,13,2,30.799967
39.99787498212,-83.03270644085,229,-2.9085,-0.6421803266696,0.29293844912006,-0.04922077319302,0.220754171,-0.430604891,273.115119478,2024,10,31,13,2,30.859107
39.99787505706,-83.03270848478,229,-2.9156,-0.0025428581918,0.12121569659152,0.27508315463642,0.21348466,-0.412306185,273.104871959,2024,10,31,13,2,30.916126
39.99787512374,-83.03271019021,229,-2.9172,0.30388735647482,0.10304459720428,0.22802199664026,0.230331313,-0.399207778,273.084381081,2024,10,31,13,2,30.976969
39.99787519596,-83.03271223767,229,-2.9181,-1.14899946126132,-0.00616313274066,-0.03163672478834,0.235850542,-0.363473451,273.067464511,2024,10,31,13,2,31.035332
39.9978752532,-83.03271428863,229,-2.9258,-0.72206039092888,0.19802247250632,0.342184347602,0.169516649,-0.331257618,273.061338668,2024,10,31,13,2,31.094905
39.9978753005,-83.03271600278,229,-2.9352,0.30270936346648,0.38467262847506,0.36379905847314,0.126355943,-0.320701835,273.061176597,2024,10,31,13,2,31.152988
39.99787534214,-83.03271737868,229,-2.9453,0.5153391657281,0.50983383531224,0.8222147781364,0.122593302,-0.336676532,273.063082322,2024,10,31,13,2,31.214564
39.997875402,-83.03271944965,229,-2.955,-0.12882695861636,0.1486693031651,0.35876209984084,0.079063253,-0.402308819,273.053508333,2024,10,31,13,2,31.273903
39.99787549724,-83.03272256198,229,-2.9559,0.85446242129406,0.0668142703715,-0.08324527670928,-0.0041114,-0.49786247,273.021352221,2024,10,31,13,2,31.332141
39.99787553354,-83.03272359977,229,-2.9534,0.31490295752346,-0.08609595250076,-0.47283466958562,0.005710674,-0.530391579,273.018356949,2024,10,31,13,2,31.389596
39.99787561943,-83.03272601881,229,-2.9471,0.2818059672675,-0.2340359241383,-0.64953593867836,0.018777105,-0.581128089,273.028057381,2024,10,31,13,2,31.454166
39.99787572515,-83.03272877421,229,-2.9365,0.14832223172724,-0.2425751125684,-0.57532628310032,0.04727827,-0.593416194,273.040649004,2024,10,31,13,2,31.512859
39.99787580201,-83.03273083524,229,-2.9326,-0.3389257343577,-0.08146542000462,-0.3471447051464,0.041151791,-0.562035846,273.038988115,2024,10,31,13,2,31.571509
39.99787587791,-83.03273289985,229,-2.9446,0.03104670326462,0.42780900717962,-0.12384788872024,0.028689844,-0.532413366,273.030164125,2024,10,31,13,2,31.63144
39.99787594112,-83.03273462733,229,-2.9548,-0.15468501151066,0.34444181855468,0.09693030591472,0.037310031,-0.536362516,273.027762329,2024,10,31,13,2,31.690733
39.99787601605,-83.03273670323,229,-2.9545,0.2894556046888,-0.03006525291754,0.29061837724726,0.041906165,-0.545486727,273.022610846,2024,10,31,13,2,31.749168
39.99787610915,-83.03273912715,229,-2.9586,0.64107037322894,0.10108992144462,0.20954931685234,0.055628761,-0.541190348,273.015505451,2024,10,31,13,2,31.808637
39.99787619739,-83.03274120937,229,-2.9687,0.13544725019162,0.33051709413744,0.13190256767678,0.108955698,-0.554057035,273.015787995,2024,10,31,13,2,31.87229
39.99787628678,-83.03274329904,229,-2.9805,-0.17166736590092,0.41093702246802,0.03035168897954,0.158507574,-0.589571207,273.025389939,2024,10,31,13,2,31.93275
39.99787636174,-83.03274504529,229,-2.9846,0.01686705525798,0.16043837119204,0.11643109017794,0.20308463,-0.640677845,273.041102004,2024,10,31,13,2,31.993479
39.99787646974,-83.03274749148,229,-2.9817,0.09610147954732,-0.19575063336494,-0.01787224880296,0.282218075,-0.715686045,273.059862028,2024,10,31,13,2,32.052655
39.99787656052,-83.03274958485,229,-2.9777,-0.46846605760252,-0.15464779031984,-0.05841945701006,0.320593972,-0.757410111,273.062551835,2024,10,31,13,2,32.113416
39.9978766437,-83.03275167986,229,-2.984,-0.28899789187672,0.2069146363858,-0.2113178753834,0.318702352,-0.798639545,273.071194172,2024,10,31,13,2,32.172556
39.99787665723,-83.03275202917,229,-2.9837,-0.18650227570472,0.0485873975138,-0.20640935416494,0.32051264,-0.806400617,273.074733858,2024,10,31,13,2,32.232225
39.99787673932,-83.03275412581,229,-2.9839,0.04379766340308,-0.03503951417086,-0.16702356219482,0.35134446,-0.856344365,273.100605778,2024,10,31,13,2,32.291242
39.99787685287,-83.03275726449,229,-2.9723,-0.00514075494642,-0.33466675217338,0.04797061638646,0.344745286,-0.907040858,273.137190565,2024,10,31,13,2,32.349991
39.99787692565,-83.03275935038,229,-2.9696,0.18016460163106,-0.15692368189504,-0.04046846278058,0.314451886,-0.917706924,273.149913648,2024,10,31,13,2,32.415617
39.99787702629,-83.03276212942,229,-2.9705,0.07896401238814,0.02844100326106,0.08847532422634,0.303836929,-0.930188298,273.162921492,2024,10,31,13,2,32.474842
39.9978771074,-83.03276421284,229,-2.9669,0.38203566044178,-0.08514894476354,-0.05651378436516,0.328917877,-0.945516852,273.176332001,2024,10,31,13,2,32.533963
39.99787720282,-83.03276664268,229,-2.9676,-0.23731723527636,-0.0039921999224,-0.04524403977052,0.359180107,-0.959595471,273.201851421,2024,10,31,13,2,32.598183
39.99787726997,-83.03276837714,229,-2.9635,0.14304528700848,-0.15390175866106,0.12332342035444,0.361220168,-0.974160863,273.218975539,2024,10,31,13,2,32.658388
39.9978773707,-83.03277079985,229,-2.9551,0.3256158538,-0.3126625339825,-0.09907589563184,0.393267011,-0.972934673,273.232639281,2024,10,31,13,2,32.716573
39.99787745786,-83.03277287344,229,-2.9507,-0.10304454592192,-0.24538761387052,-0.0764923136878,0.422383982,-0.966207711,273.238621444,2024,10,31,13,2,32.781097
39.99787754724,-83.03277494255,229,-2.9449,0.1367754963186,-0.20283614818844,-0.2373881518033,0.460388809,-0.943004905,273.244865389,2024,10,31,13,2,32.84126
39.99787763507,-83.03277701076,229,-2.9469,-0.26534398316026,0.02843545075292,-0.20087242701226,0.496248987,-0.917088246,273.257317907,2024,10,31,13,2,32.900737
39.9978776918,-83.03277838997,229,-2.9483,-0.27246180203818,0.06630298075348,-0.00558108054642,0.501765744,-0.904237225,273.267386523,2024,10,31,13,2,32.960255
39.99787780317,-83.03278115017,229,-2.9486,0.35545289160906,-0.1033974578737,-0.06824753549374,0.517437845,-0.890528343,273.281396956,2024,10,31,13,2,33.019145
39.99787788657,-83.03278321899,229,-2.9474,0.0870994101946,0.03436769636318,-0.09881025213866,0.537805095,-0.869429845,273.288199913,2024,10,31,13,2,33.077897
39.99787795975,-83.03278494364,229,-2.9485,0.7474622390965,0.07134545755394,-0.0853760909212,0.563279926,-0.853976961,273.290350549,2024,10,31,13,2,33.137919
39.99787803781,-83.03278666707,229,-2.9456,0.29984701123436,-0.05244187185464,0.0761031095957,0.608688776,-0.835562075,273.297448731,2024,10,31,13,2,33.201847
39.9978780849,-83.03278770083,229,-2.9451,-0.02455492513534,-0.03800703195136,0.17327124143674,0.63400526,-0.824092783,273.303638377,2024,10,31,13,2,33.262895
39.99787823305,-83.03279114122,229,-2.9394,-0.41570298539324,-0.02996784183526,0.19340117303832,0.657981059,-0.76329258,273.331316818,2024,10,31,13,2,33.321978
39.9978783028,-83.03279286177,229,-2.9433,-0.23478706388268,0.14943455722594,0.31191880982574,0.659048656,-0.739779926,273.343444345,2024,10,31,13,2,33.382198
39.99787837144,-83.03279458618,229,-2.9524,-0.05151114588884,0.35910209280812,0.30380897611902,0.667263989,-0.735722203,273.352523443,2024,10,31,13,2,33.440467
39.99787847887,-83.03279734733,229,-2.9443,-0.1078472474289,-0.34293220992546,0.05585287317968,0.655081296,-0.754435433,273.358687503,2024,10,31,13,2,33.497998
39.99787855749,-83.0327994086,229,-2.9323,0.16097827758806,-0.27542234933386,0.029031766672,0.622503075,-0.733055033,273.368120835,2024,10,31,13,2,33.55823
39.9978786525,-83.03280181377,229,-2.9407,0.04205694508716,0.27997939314128,0.04362917723716,0.614127939,-0.715032687,273.389366328,2024,10,31,13,2,33.622812
39.99787874065,-83.03280387434,229,-2.9334,0.55434684650944,-0.19598681353884,0.03627416982012,0.63239044,-0.717571946,273.397813485,2024,10,31,13,2,33.682814
39.99787882972,-83.03280593135,229,-2.9286,-0.2767197030924,-0.11443169425334,-0.07413012018448,0.647451182,-0.708009599,273.400852899,2024,10,31,13,2,33.747145
39.99787893044,-83.03280832791,229,-2.9278,0.13382423238016,0.14449539846216,-0.26250767749436,0.631824995,-0.691032913,273.401960307,2024,10,31,13,2,33.807369
39.99787902076,-83.03281038407,229,-2.9296,0.16691503305736,0.05624293853068,-0.17619393513872,0.652435485,-0.694128721,273.411206474,2024,10,31,13,2,33.869721
39.9978791046,-83.03281243713,229,-2.9215,-0.8120084522882,-0.27230688943406,-0.11409905375846,0.662809619,-0.692999279,273.431102814,2024,10,31,13,2,33.931169
39.99787916788,-83.03281414498,229,-2.918,-0.43328084489358,-0.14661708721572,-0.09650292547596,0.628032899,-0.679404836,273.446568523,2024,10,31,13,2,33.990886
39.99787926614,-83.03281653481,229,-2.9192,1.15086658228526,0.14734822819246,-0.02402976702104,0.623158729,-0.654000715,273.450825821,2024,10,31,13,2,34.051702
39.99787936382,-83.03281858408,229,-2.9177,0.39906755748436,-0.08588795438184,0.32170861784214,0.684496993,-0.655443696,273.446077914,2024,10,31,13,2,34.111051
39.99787947527,-83.03282096709,229,-2.9043,-0.17984629104864,-0.38848732574476,0.4343340814054,0.712550456,-0.636933606,273.454071084,2024,10,31,13,2,34.177975
39.9978794907,-83.03282130695,229,-2.9028,-0.5547595577493,-0.51358777652656,0.55733294221442,0.71550555,-0.631605289,273.456284666,2024,10,31,13,2,34.237191
39.99787958255,-83.032823341,229,-2.8947,-0.34718504156566,-0.19246471560542,0.40106122479412,0.728967742,-0.59752955,273.481028728,2024,10,31,13,2,34.298087
39.99787972337,-83.03282672714,229,-2.8956,0.29832896515446,-0.05841155800214,-0.21033318680938,0.713697123,-0.557367254,273.507073795,2024,10,31,13,2,34.357743
39.99787980557,-83.03282875665,229,-2.896,-0.50508682686392,-0.05789569198028,0.1001529945543,0.707064437,-0.554649253,273.506309124,2024,10,31,13,2,34.420424
39.99787989572,-83.03283111908,229,-2.8833,0.3316635214044,-0.37588557670818,-0.19514380153396,0.647863416,-0.548649844,273.509568768,2024,10,31,13,2,34.480737
39.99787996772,-83.03283280034,229,-2.8748,0.80634900933142,-0.29413891441722,-0.30037903678574,0.650745611,-0.528925153,273.517560015,2024,10,31,13,2,34.54006
39.99788006154,-83.03283481588,229,-2.8767,-0.05587444246536,0.02865637988862,-0.00013768829336,0.699903066,-0.509419813,273.532568878,2024,10,31,13,2,34.600205
39.99788016812,-83.03283716577,229,-2.8709,0.1160802112646,-0.19984581896812,0.06458648450412,0.705911461,-0.499664677,273.548877127,2024,10,31,13,2,34.659623
39.99788026689,-83.03283917642,229,-2.8699,1.01136900848514,0.13045000171992,-0.05059739871844,0.745469323,-0.488195804,273.564860586,2024,10,31,13,2,34.71964
39.99788037264,-83.03284118727,229,-2.8671,0.09689842525702,-0.088999092516,-0.18011103143582,0.824180662,-0.485554801,273.581093438,2024,10,31,13,2,34.77891
39.99788045326,-83.0328428615,229,-2.8656,-1.17169121657562,-0.13018333070072,0.00266659871038,0.847549679,-0.485578727,273.600803419,2024,10,31,13,2,34.838726
39.99788054835,-83.03284520776,229,-2.8729,-0.5648670389364,0.20675682510732,0.01891357008008,0.787655477,-0.492702705,273.628117121,2024,10,31,13,2,34.898185
39.99788062089,-83.03284722098,229,-2.8729,-0.88471834200926,-0.02021442122442,-0.29793846996264,0.726763417,-0.513282666,273.643323918,2024,10,31,13,2,34.963502
39.99788068218,-83.03284923581,229,-2.8746,-0.7915344800455,0.0190868306553,-0.14311780065796,0.616358162,-0.530842662,273.646772586,2024,10,31,13,2,35.024394
39.9978807332,-83.03285125279,229,-2.8812,-0.43560217453006,0.24712545085462,0.1771880923893,0.450761197,-0.557923079,273.646393915,2024,10,31,13,2,35.084728
39.99788078292,-83.03285327992,229,-2.8999,0.39843702611282,0.61377981078822,0.17654065655582,0.282957302,-0.625843304,273.647195997,2024,10,31,13,2,35.149792
39.99788082003,-83.03285463717,229,-2.9068,0.66303934355992,0.39766482631066,0.15687788681652,0.19255864,-0.702971506,273.657044676,2024,10,31,13,2,35.210156
39.99788087836,-83.03285632782,229,-2.8841,1.37473649442598,-0.71676333074274,0.15610974373916,0.129860296,-0.793212538,273.678013536,2024,10,31,13,2,35.269671
39.99788102809,-83.03285966404,229,-2.83,0.84649022071582,-0.7795995799967,0.20277669603066,0.139309672,-0.810814865,273.698749107,2024,10,31,13,2,35.329632
39.99788109992,-83.03286099026,229,-2.8261,1.54419476442032,-0.24552180932992,0.22361550999702,0.17865707,-0.784935788,273.692773083,2024,10,31,13,2,35.388869
39.9978812451,-83.03286331184,229,-2.8335,0.17377143328276,0.15612064964674,0.23765177734566,0.354438641,-0.782256755,273.697612487,2024,10,31,13,2,35.453467
39.99788139126,-83.03286596651,229,-2.8257,-1.75038922568522,-0.55359698073396,-0.20120655017498,0.450863263,-0.807165065,273.726774172,2024,10,31,13,2,35.520212
39.99788148201,-83.032867933,229,-2.7724,0.20346692935252,-1.76752963150958,0.0736223336362,0.440141283,-0.769416144,273.741755106,2024,10,31,13,2,35.583811
39.99788158342,-83.0328698645,229,-2.7268,0.77699859537914,-1.3551995324275,0.1648575187017,0.541108729,-0.621823103,273.737031717,2024,10,31,13,2,35.643392
39.99788169847,-83.03287208934,229,-2.703,-0.49274578889874,-0.59303963651798,0.00714497260862,0.632110284,-0.383828979,273.731947617,2024,10,31,13,2,35.708827
39.99788178792,-83.03287399112,229,-2.7082,-0.43263716328012,0.1505351517342,-0.02992274281298,0.609587678,-0.192572693,273.737782684,2024,10,31,13,2,35.770376
39.99788187393,-83.03287589352,229,-2.7075,0.02888124674918,0.0263422973982,-0.44754006659264,0.596001436,-0.040743443,273.759019238,2024,10,31,13,2,35.831526
39.99788195769,-83.03287779808,229,-2.713,-0.31951712756308,0.0845982090518,-0.16124172535954,0.618290304,0.077497647,273.787624117,2024,10,31,13,2,35.892297
39.99788201845,-83.03287938767,229,-2.7156,-1.0101184486759,0.02955456606494,-0.51263800430802,0.593557643,0.148855857,273.805803357,2024,10,31,13,2,35.952499
39.99788208245,-83.0328816144,229,-2.716,-0.57884189017618,-0.06818414967418,-0.2080536120336,0.444657698,0.23980963,273.823786795,2024,10,31,13,2,36.012724
39.99788212382,-83.03288351888,229,-2.7052,-0.1470843372474,-0.35909163354128,-0.7986593044718,0.276017053,0.331899312,273.849670081,2024,10,31,13,2,36.072795
39.99788216749,-83.03288541351,229,-2.6893,0.54432818844326,-0.44764338552808,-0.47953101216056,0.141580535,0.461955698,273.871950092,2024,10,31,13,2,36.136164
39.99788221812,-83.03288698677,229,-2.6843,1.60552611179854,-0.0744639293368,0.56943870508246,0.065382256,0.576644365,273.862934226,2024,10,31,13,2,36.203577
39.9978822697,-83.03288824498,229,-2.6861,1.23862795803146,0.11486581251314,0.91708119237308,0.053440017,0.642012276,273.858939545,2024,10,31,13,2,36.264239
39.9978824076,-83.03289107789,229,-2.6899,0.84853269391046,0.11444529257062,1.0094926036831,0.097570063,0.725567027,273.884960743,2024,10,31,13,2,36.324704
39.99788251823,-83.03289296049,229,-2.689,0.74557540075116,0.0072420750291,0.59326448720996,0.178876213,0.738254749,273.893700749,2024,10,31,13,2,36.386546
39.99788264964,-83.03289515617,229,-2.6867,-0.82796314243518,-0.18886868948724,0.04607286569244,0.283691535,0.724171271,273.896621923,2024,10,31,13,2,36.447607
39.99788275865,-83.03289734719,229,-2.6793,-1.22359545912984,-0.28335774352404,0.2624764905281,0.313925314,0.703810244,273.922354363,2024,10,31,13,2,36.509716
39.99788284318,-83.0328992229,229,-2.6784,0.17807952125208,-0.02344987444548,0.45869991380826,0.320240829,0.640478554,273.93246416,2024,10,31,13,2,36.569531
39.99788293328,-83.03290109416,229,-2.6672,0.2998615039666,-0.35059140486128,0.74053003657448,0.364366722,0.53261743,273.92359257,2024,10,31,13,2,36.629352
39.99788300635,-83.03290264571,229,-2.6535,-0.17053824638818,-0.49707010065676,0.41177918213166,0.370565216,0.440189687,273.919073642,2024,10,31,13,2,36.690923
39.99788309506,-83.03290449721,229,-2.635,0.33706176189348,-0.61530335644982,0.00939049692302,0.360257013,0.328559335,273.927451117,2024,10,31,13,2,36.757545
39.99788321588,-83.03290694599,229,-2.6109,0.08503371536566,-0.597778506036,-0.6002521835494,0.39728663,0.195978458,273.963398427,2024,10,31,13,2,36.818268
39.99788330429,-83.0329087643,229,-2.582,-0.1477264014037,-1.018364022286,-0.8124570937759,0.416335253,0.123583373,273.977724794,2024,10,31,13,2,36.879267
39.99788339109,-83.0329105601,229,-2.5496,0.01937790114222,-0.98953484534252,-0.71255818923196,0.421233634,0.111683706,273.972688173,2024,10,31,13,2,36.941108
39.99788347357,-83.0329123361,229,-2.5239,-0.30365453360026,-0.83808637955518,-0.61852184435172,0.421527957,0.14912445,273.973625629,2024,10,31,13,2,37.000637
39.99788355135,-83.03291409905,229,-2.5111,-0.2126989075037,-0.4152748427197,-0.3106767623062,0.418396527,0.210880629,273.993387212,2024,10,31,13,2,37.060543
39.99788362748,-83.03291585379,229,-2.502,0.22040594920254,-0.41082237126792,-0.03403724116304,0.414586415,0.269438022,274.019172555,2024,10,31,13,2,37.118828
39.99788370671,-83.03291760428,229,-2.4956,0.29324966633572,-0.19448033078552,0.33399565994236,0.41244514,0.311203908,274.033809929,2024,10,31,13,2,37.185437
39.99788373311,-83.03291818699,229,-2.4948,0.01559662857644,-0.13850816752194,0.35910258025052,0.403641593,0.320959604,274.03496241,2024,10,31,13,2,37.250541
39.99788388352,-83.03292137879,229,-2.4755,0.09274089804842,-0.39842974334444,0.53434430933412,0.382931616,0.340481551,274.025632541,2024,10,31,13,2,37.311387
39.99788395633,-83.03292282126,229,-2.4627,0.28328941023046,-0.48766572819634,0.27761273483458,0.4018591,0.344563647,274.030933185,2024,10,31,13,2,37.371448
39.99788405835,-83.03292482851,229,-2.4463,-0.16089351555122,-0.44787779077062,-0.14364868487072,0.438377974,0.360004925,274.049210808,2024,10,31,13,2,37.433333
39.99788414276,-83.03292653852,229,-2.4325,-0.1518397153726,-0.45579864608932,-0.34202195614376,0.440157222,0.374953081,274.062170474,2024,10,31,13,2,37.49306
39.99788421063,-83.03292795597,229,-2.4199,-0.10362499951228,-0.51781742794364,-0.38816348638716,0.430792133,0.389894272,274.067651457,2024,10,31,13,2,37.553721
39.99788430193,-83.03292993017,229,-2.4057,-0.11342174380284,-0.47017966851646,-0.19839124389596,0.41251631,0.413578872,274.070270864,2024,10,31,13,2,37.617771
39.99788439055,-83.03293189109,229,-2.3897,-0.07395095565628,-0.4332341495783,0.03449132859468,0.400693863,0.441733157,274.073231974,2024,10,31,13,2,37.679452
39.99788445426,-83.03293328508,229,-2.3808,-0.0093099241516,-0.39561454285604,0.17778189161136,0.390660521,0.45287682,274.079894734,2024,10,31,13,2,37.739988
39.99788454946,-83.03293522425,229,-2.3605,0.41726759589384,-0.5572023295714,0.24060897361044,0.395768752,0.463389663,274.093953377,2024,10,31,13,2,37.799942
39.99788463445,-83.03293687331,229,-2.3428,0.21377589785986,-0.58338026705892,0.16045132696194,0.411898272,0.475516941,274.106893049,2024,10,31,13,2,37.858639
39.99788472034,-83.03293851011,229,-2.3263,0.09928321241012,-0.52803675012994,0.02826364345652,0.430747853,0.487464976,274.116476905,2024,10,31,13,2,37.91939
39.99788480613,-83.03294013621,229,-2.3117,0.00867316436176,-0.4762747772121,0.18113454591302,0.457254668,0.478199408,274.120974524,2024,10,31,13,2,37.980516
39.99788488703,-83.03294174949,229,-2.2896,-0.37975150062354,-0.77212413839114,-0.099344642156,0.463032946,0.449279167,274.123666957,2024,10,31,13,2,38.043799
39.99788496253,-83.03294334327,229,-2.2574,-0.06363957424764,-1.050687741467,0.02724456191904,0.44745664,0.428554098,274.127971213,2024,10,31,13,2,38.105529
39.99788504642,-83.03294517501,229,-2.2208,-0.19927987921718,-1.06195623842546,-0.09113464845142,0.429888491,0.426917686,274.136911945,2024,10,31,13,2,38.167358
39.99788505785,-83.03294543438,229,-2.2164,-0.24433906214386,-1.01617221447404,-0.07334696325528,0.426477966,0.42831604,274.138096104,2024,10,31,13,2,38.228242
39.99788514881,-83.03294749187,229,-2.1827,0.16824859943668,-0.82247326213314,-0.0942452693061,0.382745463,0.427055732,274.143794322,2024,10,31,13,2,38.289381
39.99788525574,-83.03294975295,229,-2.1205,-0.0593080192018,-1.4217561881248,0.09589764544846,0.366306344,0.42221492,274.143212759,2024,10,31,13,2,38.35701
39.9978853126,-83.032950978,229,-2.0805,-0.2131407511249,-1.5678219006615,0.16864728537358,0.344560299,0.428509317,274.148925466,2024,10,31,13,2,38.418616
39.99788539778,-83.03295288829,229,-2.0121,-0.04663877610504,-1.73490129732924,-0.01196285713388,0.292777127,0.419444892,274.163883211,2024,10,31,13,2,38.484951
39.99788546221,-83.03295427657,229,-1.9541,0.16283783663758,-1.9261867520938,-0.02312037579502,0.270762453,0.385737435,274.167948052,2024,10,31,13,2,38.54681
39.99788554129,-83.03295583795,229,-1.8693,0.18976098712958,-2.36783050968844,-0.01816458162006,0.273674353,0.324527573,274.164265472,2024,10,31,13,2,38.607035
39.99788560957,-83.03295711777,229,-1.7881,0.21878447616186,-2.66143434093652,-0.00113663951502,0.284762921,0.280864355,274.163449464,2024,10,31,13,2,38.66728
39.99788567578,-83.0329583402,229,-1.7053,0.00505509069998,-2.75710160845458,-0.12346711809822,0.294591928,0.253355213,274.169898006,2024,10,31,13,2,38.727763
39.99788572802,-83.03295931449,229,-1.636,-0.17728873612104,-2.78683395875026,-0.0647539187751,0.304757872,0.238939584,274.183227261,2024,10,31,13,2,38.78857
39.99788579443,-83.03296061235,229,-1.5436,-0.24487735627614,-2.65941022619684,-0.07164381452146,0.309805163,0.235312467,274.198851386,2024,10,31,13,2,38.84942
39.9978858469,-83.03296166557,229,-1.4667,0.06446595901906,-2.57992148478822,-0.05298653267704,0.312207917,0.230475041,274.204639766,2024,10,31,13,2,38.910974
39.99788590466,-83.03296282504,229,-1.374,0.05458415232428,-2.69159578501564,-0.09205216198766,0.312681959,0.222644077,274.198948096,2024,10,31,13,2,38.977892
39.99788594929,-83.03296375777,229,-1.2943,-0.01238241936244,-2.6669714477968,-0.22163814237782,0.295367459,0.230753293,274.19814806,2024,10,31,13,2,39.039997
39.99788599199,-83.03296463695,229,-1.2197,0.295085675267,-2.44234043211994,-0.11667666887566,0.279719612,0.245709311,274.203009286,2024,10,31,13,2,39.102341
39.99788605411,-83.03296572653,229,-1.1185,0.28551610574028,-2.50342516030438,0.04238927861532,0.315596471,0.246514409,274.209486178,2024,10,31,13,2,39.225238
39.99788611712,-83.03296683683,229,-1,-0.18535849771694,-2.66492960006732,0.09860960754382,0.332474379,0.249472554,274.207763652,2024,10,31,13,2,39.292338
39.99788616102,-83.03296761703,229,-0.9134,0.0183735858144,-2.47219363739078,0.05224441405304,0.332587231,0.259326324,274.212023416,2024,10,31,13,2,39.353535
39.99788619498,-83.03296823046,229,-0.8398,-0.25570845873326,-2.4915600806536,-0.01691325662442,0.342953064,0.255488237,274.217623519,2024,10,31,13,2,39.414181
39.99788622699,-83.03296887901,229,-0.7498,-0.11519131437638,-2.59071258453352,-0.14584562751486,0.331534204,0.251943316,274.218764538,2024,10,31,13,2,39.475494
39.99788625132,-83.03296937569,229,-0.6719,0.23605117075078,-2.55633547791322,-0.0895967549792,0.316412425,0.259504063,274.21709078,2024,10,31,13,2,39.536638
39.99788627565,-83.03296981901,229,-0.5982,0.23618987696456,-2.39531469109488,-0.03762288284094,0.31574534,0.271764312,274.216135244,2024,10,31,13,2,39.597163
39.99788630228,-83.03297027314,229,-0.5164,0.03422253449682,-2.33853903239152,-0.03810534267818,0.319884439,0.271896048,274.217888682,2024,10,31,13,2,39.65765
39.99788632293,-83.03297060706,229,-0.4412,0.04158974699754,-2.49925958126572,-0.03859569914592,0.324117634,0.265650277,274.221565173,2024,10,31,13,2,39.718853
39.9978863414,-83.03297088884,229,-0.3676,-0.02098814055504,-2.45486283236484,-0.0125447521501,0.334265341,0.264578792,274.224980419,2024,10,31,13,2,39.780367
39.99788635816,-83.03297115455,229,-0.2868,-0.06656219498094,-2.31586915487612,0.02425519948844,0.337818606,0.26759394,274.226168289,2024,10,31,13,2,39.847624
39.99788636864,-83.03297133024,229,-0.219,0.0394051786258,-2.28239907366168,0.03028416186436,0.334152375,0.266163026,274.224600027,2024,10,31,13,2,39.909855
39.99788637592,-83.0329714401,229,-0.1623,0.04942055226042,-2.26849410854358,-0.0148816261717,0.336521546,0.263793131,274.224233849,2024,10,31,13,2,39.970409
39.99788638205,-83.03297153865,229,-0.0849,-0.10334908876718,-2.19286637134128,0.00392199855484,0.336785373,0.266212911,274.225291371,2024,10,31,13,2,40.031791
39.99788638439,-83.03297157488,229,-0.0243,0.05910852955168,-2.00333367675474,-0.01572880833104,0.33305969,0.270513064,274.227298286,2024,10,31,13,2,40.092031
39.99788638567,-83.032971574,229,0.0217,0.0950667867131,-1.83285591817842,-0.06752581921804,0.33362159,0.273813845,274.227973907,2024,10,31,13,2,40.153615
39.99788638633,-83.0329715559,229,0.0507,0.04284502503246,-1.49372620128572,0.0430430996738,0.33693676,0.275366135,274.226936197,2024,10,31,13,2,40.214803
39.99788638615,-83.03297147763,229,0.0574,-0.0964896793066,0.16262076380334,0.18657179242058,0.338061592,0.284183065,274.224843581,2024,10,31,13,2,40.31171
